ATG15;NRG15;NUG15;TIRCD;NUREG;RIREG;NRRAT;DAMOV;CONTO;DARAV;IMPRE;IMPES;CDIVA;TREGI;NREGI;CAUSA;DESUP;DADOC;NUDOC;CDVAL;CAMBI;FESCO;AARIF;NURIF;RIFFO;COPAG;TIPAG;PERRA;DASCA;CBASC;CBAAP;CAGAP;DEBAP;TIOPE;DAOPE;DAVAL;CODRA;CATFI;FLPRV;FLVAL;IMPAI;CDDVS;CDAGE;CTFIN;FREDI;SECOL;NRPRA;DTG15;SECOV;DAEFO;CAUFI;NORIG;TORIG;RORIG;IMCRE;IMCES;IMCAI;PRIMP;NREJR;TPOPR;NUMOR;RIMOR;DORIG;VRSNMB;CDCUP;CDCIG;TPMOR;DACIR;DACFR;NOTER;DADER;USRTN;USACN
;0;SYSGEST;C;1;1;0;30718;011001100709;D;2502,2;0;;;;CF1;;30718;752;EURO;1;;2018;752;;32;C1;0;0;00009;03440;01605;;;0;0;;;;;0;;0;;;;;TES;;0;;0;;;0;0;0;0;1000024;;0;0;;0;;;;0;0;;0;;
;0;SYSGEST;I;1;2;0;30718;;A;2500,2;0;52;;;CF1;;30718;752;EURO;1;;2018;752;;32;;0;0;00009;03440;01605;;;0;0;;;;;0;;0;;;;;TES;;0;;0;;;0;0;0;0;1000024;;0;0;;0;;;;0;0;;0;;
;0;SYSGEST;G;1;3;0;30718;6500100005;A;2500,2;0;;;;CF1;;30718;752;EURO;1;;2018;752;;32;;0;0;00009;03440;01605;;;0;0;;;;;0;;0;;;;;TES;;0;;0;;;0;0;0;0;1000024;;0;0;;0;;;;0;0;;0;;
;0;SYSGEST;G;1;4;0;30718;6500400002;A;2;0;;;;CF1;;30718;752;EURO;1;;2018;752;;32;;0;0;00009;03440;01605;;;0;0;;;;;0;;0;;;;;TES;;0;;0;;;0;0;0;0;1000024;;0;0;;0;;;;0;0;;0;;
;0;SYSGEST;C;2;1;0;30718;011001200138;D;8496,6;0;;;;CF1;;30718;753;EURO;1;;2018;753;;28;C1;0;0;00003;;;;;0;0;;;;;0;;0;;;;;TES;;0;;0;;;0;0;0;0;1000024;;0;0;;0;;;;0;0;;0;;
;0;SYSGEST;I;2;2;0;30718;;A;8496,6;0;57;;;CF1;;30718;753;EURO;1;;2018;753;;28;;0;0;00003;;;;;0;0;;;;;0;;0;;;;;TES;;0;;0;;;0;0;0;0;1000024;;0;0;;0;;;;0;0;;0;;
;0;SYSGEST;G;2;3;0;30718;6500600005;A;8496,6;0;;;;CF1;;30718;753;EURO;1;;2018;753;;28;;0;0;00003;;;;;0;0;;;;;0;;0;;;;;TES;;0;;0;;;0;0;0;0;1000024;;0;0;;0;;;;0;0;;0;;
;0;SYSGEST;C;3;1;0;30718;011001200138;D;7810,6;0;;;;CF1;;30718;754;EURO;1;;2018;754;;28;C1;0;0;00003;;;;;0;0;;;;;0;;0;;;;;TES;;0;;0;;;0;0;0;0;1000024;;0;0;;0;;;;0;0;;0;;
;0;SYSGEST;I;3;2;0;30718;;A;7810,6;0;57;;;CF1;;30718;754;EURO;1;;2018;754;;28;;0;0;00003;;;;;0;0;;;;;0;;0;;;;;TES;;0;;0;;;0;0;0;0;1000024;;0;0;;0;;;;0;0;;0;;
;0;SYSGEST;G;3;3;0;30718;6500600005;A;7810,6;0;;;;CF1;;30718;754;EURO;1;;2018;754;;28;;0;0;00003;;;;;0;0;;;;;0;;0;;;;;TES;;0;;0;;;0;0;0;0;1000024;;0;0;;0;;;;0;0;;0;;
;0;SYSGEST;C;4;1;0;30718;011001100552;D;5642;0;;;;CF1;;30718;755;EURO;1;;2018;755;;31;C1;0;0;00010;01005;15400;;;0;0;;;;;0;;0;;;;;TES;;0;;0;;;0;0;0;0;1000024;;0;0;;0;;;;0;0;;0;;
;0;SYSGEST;I;4;2;0;30718;;A;5640;0;52;;;CF1;;30718;755;EURO;1;;2018;755;;31;;0;0;00010;01005;15400;;;0;0;;;;;0;;0;;;;;TES;;0;;0;;;0;0;0;0;1000024;;0;0;;0;;;;0;0;;0;;
;0;SYSGEST;G;4;3;0;30718;6500100005;A;5640;0;;;;CF1;;30718;755;EURO;1;;2018;755;;31;;0;0;00010;01005;15400;;;0;0;;;;;0;;0;;;;;TES;;0;;0;;;0;0;0;0;1000024;;0;0;;0;;;;0;0;;0;;
;0;SYSGEST;G;4;4;0;30718;6500400002;A;2;0;;;;CF1;;30718;755;EURO;1;;2018;755;;31;;0;0;00010;01005;15400;;;0;0;;;;;0;;0;;;;;TES;;0;;0;;;0;0;0;0;1000024;;0;0;;0;;;;0;0;;0;;
;0;SYSGEST;C;5;1;0;30718;011001100714;D;51;0;;;;CF1;;30718;756;EURO;1;;2018;756;;31;C1;0;0;00010;01005;11500;;;0;0;;;;;0;;0;;;;;TES;;0;;0;;;0;0;0;0;1000024;;0;0;;0;;;;0;0;;0;;
;0;SYSGEST;I;5;2;0;30718;;A;51;0;52;;;CF1;;30718;756;EURO;1;;2018;756;;31;;0;0;00010;01005;11500;;;0;0;;;;;0;;0;;;;;TES;;0;;0;;;0;0;0;0;1000024;;0;0;;0;;;;0;0;;0;;
;0;SYSGEST;G;5;3;0;30718;6500100005;A;51;0;;;;CF1;;30718;756;EURO;1;;2018;756;;31;;0;0;00010;01005;11500;;;0;0;;;;;0;;0;;;;;TES;;0;;0;;;0;0;0;0;1000024;;0;0;;0;;;;0;0;;0;;
;0;SYSGEST;C;6;1;0;30718;011001100598;D;2166,72;0;;;;CF1;;30718;757;EURO;1;;2018;757;;69;RB;0;0;00003;05424;41420;;;0;0;;;;;0;;0;;;;;TES;;0;;0;;;0;0;0;0;1000024;;0;0;;0;;;;0;0;;0;;
;0;SYSGEST;I;6;2;0;30718;02150100002;A;1776;390,72;22;;;CF1;;30718;757;EURO;1;;2018;757;;69;;0;0;00003;05424;41420;;;0;0;;;;;0;;0;;;;;TES;;0;;0;;;0;0;0;0;1000024;;0;0;;0;;;;0;0;;0;;
;0;SYSGEST;G;6;3;0;30718;6500100002;A;1776;0;;;;CF1;;30718;757;EURO;1;;2018;757;;69;;0;0;00003;05424;41420;;;0;0;;;;;0;;0;;;;;TES;;0;;0;;;0;0;0;0;1000024;;0;0;;0;;;;0;0;;0;;
;0;SYSGEST;C;7;1;0;30718;011001100709;D;1577;0;;;;CF1;;30718;758;EURO;1;;2018;758;;32;C1;0;0;00009;03440;01605;;;0;0;;;;;0;;0;;;;;TES;;0;;0;;;0;0;0;0;1000024;;0;0;;0;;;;0;0;;0;;
;0;SYSGEST;I;7;2;0;30718;;A;1575;0;52;;;CF1;;30718;758;EURO;1;;2018;758;;32;;0;0;00009;03440;01605;;;0;0;;;;;0;;0;;;;;TES;;0;;0;;;0;0;0;0;1000024;;0;0;;0;;;;0;0;;0;;
;0;SYSGEST;G;7;3;0;30718;6500100005;A;1575;0;;;;CF1;;30718;758;EURO;1;;2018;758;;32;;0;0;00009;03440;01605;;;0;0;;;;;0;;0;;;;;TES;;0;;0;;;0;0;0;0;1000024;;0;0;;0;;;;0;0;;0;;
;0;SYSGEST;G;7;4;0;30718;6500400002;A;2;0;;;;CF1;;30718;758;EURO;1;;2018;758;;32;;0;0;00009;03440;01605;;;0;0;;;;;0;;0;;;;;TES;;0;;0;;;0;0;0;0;1000024;;0;0;;0;;;;0;0;;0;;
;0;SYSGEST;C;8;1;0;40718;011001100001;D;620;0;;;;CF1;;40718;759;EURO;1;;2018;759;;31;C1;0;0;00009;03069;01618;;;0;0;;;;;0;;0;;;;;TES;;0;;0;;;0;0;0;0;1000024;;0;0;;0;;;;0;0;;0;;
;0;SYSGEST;I;8;2;0;40718;;A;618;0;52;;;CF1;;40718;759;EURO;1;;2018;759;;31;;0;0;00009;03069;01618;;;0;0;;;;;0;;0;;;;;TES;;0;;0;;;0;0;0;0;1000024;;0;0;;0;;;;0;0;;0;;
;0;SYSGEST;G;8;3;0;40718;6500100005;A;618;0;;;;CF1;;40718;759;EURO;1;;2018;759;;31;;0;0;00009;03069;01618;;;0;0;;;;;0;;0;;;;;TES;;0;;0;;;0;0;0;0;1000024;;0;0;;0;;;;0;0;;0;;
;0;SYSGEST;G;8;4;0;40718;6500400002;A;2;0;;;;CF1;;40718;759;EURO;1;;2018;759;;31;;0;0;00009;03069;01618;;;0;0;;;;;0;;0;;;;;TES;;0;;0;;;0;0;0;0;1000024;;0;0;;0;;;;0;0;;0;;
;0;SYSGEST;C;9;1;0;40718;011001100648;D;3030,48;0;;;;CF1;;40718;760;EURO;1;;2018;760;;84;RB;0;0;00010;03111;76080;;;0;0;;;;;0;;4;;;;;TES;;0;;0;;;0;0;0;0;1000024;;0;0;;0;;;;0;0;;0;;
;0;SYSGEST;I;9;2;0;40718;02150100002;A;2484;546,48;22;;;CF1;;40718;760;EURO;1;;2018;760;;84;;0;0;00010;03111;76080;;;0;0;;;;;0;;4;;;;;TES;;0;;0;;;0;0;0;0;1000024;;0;0;;0;;;;0;0;;0;;
;0;SYSGEST;G;9;3;0;40718;6500100005;A;2484;0;;;;CF1;;40718;760;EURO;1;;2018;760;;84;;0;0;00010;03111;76080;;;0;0;;;;;0;;4;;;;;TES;;0;;0;;;0;0;0;0;1000024;;0;0;;0;;;;0;0;;0;;
;0;SYSGEST;C;10;1;0;40718;011001300025;D;1436,49;0;;;;CF1;;40718;761;EURO;1;;2018;761;;58;C1;0;0;00003;;;;;0;0;;;;;0;;0;;;;;TES;;0;;0;;;0;0;0;0;1000024;;0;0;;0;;;;0;0;;0;;
;0;SYSGEST;I;10;2;0;40718;;A;1436,49;0;51;;;CF1;;40718;761;EURO;1;;2018;761;;58;;0;0;00003;;;;;0;0;;;;;0;;0;;;;;TES;;0;;0;;;0;0;0;0;1000024;;0;0;;0;;;;0;0;;0;;
;0;SYSGEST;G;10;3;0;40718;6500200005;A;1436,49;0;;;;CF1;;40718;761;EURO;1;;2018;761;;58;;0;0;00003;;;;;0;0;;;;;0;;0;;;;;TES;;0;;0;;;0;0;0;0;1000024;;0;0;;0;;;;0;0;;0;;
;0;SYSGEST;C;11;1;0;40718;011001100714;D;2482;0;;;;CF1;;40718;762;EURO;1;;2018;762;;31;C1;0;0;00010;01005;11500;;;0;0;;;;;0;;0;;;;;TES;;0;;0;;;0;0;0;0;1000024;;0;0;;0;;;;0;0;;0;;
;0;SYSGEST;I;11;2;0;40718;;A;2480;0;52;;;CF1;;40718;762;EURO;1;;2018;762;;31;;0;0;00010;01005;11500;;;0;0;;;;;0;;0;;;;;TES;;0;;0;;;0;0;0;0;1000024;;0;0;;0;;;;0;0;;0;;
;0;SYSGEST;G;11;3;0;40718;6500100003;A;2251,2;0;;;;CF1;;40718;762;EURO;1;;2018;762;;31;;0;0;00010;01005;11500;;;0;0;;;;;0;;0;;;;;TES;;0;;0;;;0;0;0;0;1000024;;0;0;;0;;;;0;0;;0;;
;0;SYSGEST;G;11;4;0;40718;6500100001;A;228,8;0;;;;CF1;;40718;762;EURO;1;;2018;762;;31;;0;0;00010;01005;11500;;;0;0;;;;;0;;0;;;;;TES;;0;;0;;;0;0;0;0;1000024;;0;0;;0;;;;0;0;;0;;
;0;SYSGEST;G;11;5;0;40718;6500400002;A;2;0;;;;CF1;;40718;762;EURO;1;;2018;762;;31;;0;0;00010;01005;11500;;;0;0;;;;;0;;0;;;;;TES;;0;;0;;;0;0;0;0;1000024;;0;0;;0;;;;0;0;;0;;
;0;SYSGEST;C;12;1;0;50718;011001100714;D;622,8;0;;;;CF1;;50718;763;EURO;1;;2018;763;;31;C1;0;0;00010;01005;11500;;;0;0;;;;;0;;0;;;;;TES;;0;;0;;;0;0;0;0;1000024;;0;0;;0;;;;0;0;;0;;
;0;SYSGEST;I;12;2;0;50718;;A;620,8;0;52;;;CF1;;50718;763;EURO;1;;2018;763;;31;;0;0;00010;01005;11500;;;0;0;;;;;0;;0;;;;;TES;;0;;0;;;0;0;0;0;1000024;;0;0;;0;;;;0;0;;0;;
;0;SYSGEST;G;12;3;0;50718;6500100001;A;620,8;0;;;;CF1;;50718;763;EURO;1;;2018;763;;31;;0;0;00010;01005;11500;;;0;0;;;;;0;;0;;;;;TES;;0;;0;;;0;0;0;0;1000024;;0;0;;0;;;;0;0;;0;;
;0;SYSGEST;G;12;4;0;50718;6500400002;A;2;0;;;;CF1;;50718;763;EURO;1;;2018;763;;31;;0;0;00010;01005;11500;;;0;0;;;;;0;;0;;;;;TES;;0;;0;;;0;0;0;0;1000024;;0;0;;0;;;;0;0;;0;;
;0;SYSGEST;C;13;1;0;50718;011001100709;D;3861,8;0;;;;CF1;;50718;764;EURO;1;;2018;764;;32;C1;0;0;00009;03440;01605;;;0;0;;;;;0;;0;;;;;TES;;0;;0;;;0;0;0;0;1000024;;0;0;;0;;;;0;0;;0;;
;0;SYSGEST;I;13;2;0;50718;;A;3859,8;0;52;;;CF1;;50718;764;EURO;1;;2018;764;;32;;0;0;00009;03440;01605;;;0;0;;;;;0;;0;;;;;TES;;0;;0;;;0;0;0;0;1000024;;0;0;;0;;;;0;0;;0;;
;0;SYSGEST;G;13;3;0;50718;6500100005;A;3859,8;0;;;;CF1;;50718;764;EURO;1;;2018;764;;32;;0;0;00009;03440;01605;;;0;0;;;;;0;;0;;;;;TES;;0;;0;;;0;0;0;0;1000024;;0;0;;0;;;;0;0;;0;;
;0;SYSGEST;G;13;4;0;50718;6500400002;A;2;0;;;;CF1;;50718;764;EURO;1;;2018;764;;32;;0;0;00009;03440;01605;;;0;0;;;;;0;;0;;;;;TES;;0;;0;;;0;0;0;0;1000024;;0;0;;0;;;;0;0;;0;;
;0;SYSGEST;C;14;1;0;50718;011001100709;D;518,8;0;;;;CF1;;50718;765;EURO;1;;2018;765;;32;C1;0;0;00009;03440;01605;;;0;0;;;;;0;;0;;;;;TES;;0;;0;;;0;0;0;0;1000024;;0;0;;0;;;;0;0;;0;;
;0;SYSGEST;I;14;2;0;50718;;A;516,8;0;52;;;CF1;;50718;765;EURO;1;;2018;765;;32;;0;0;00009;03440;01605;;;0;0;;;;;0;;0;;;;;TES;;0;;0;;;0;0;0;0;1000024;;0;0;;0;;;;0;0;;0;;
;0;SYSGEST;G;14;3;0;50718;6500100005;A;516,8;0;;;;CF1;;50718;765;EURO;1;;2018;765;;32;;0;0;00009;03440;01605;;;0;0;;;;;0;;0;;;;;TES;;0;;0;;;0;0;0;0;1000024;;0;0;;0;;;;0;0;;0;;
;0;SYSGEST;G;14;4;0;50718;6500400002;A;2;0;;;;CF1;;50718;765;EURO;1;;2018;765;;32;;0;0;00009;03440;01605;;;0;0;;;;;0;;0;;;;;TES;;0;;0;;;0;0;0;0;1000024;;0;0;;0;;;;0;0;;0;;
;0;SYSGEST;C;15;1;0;60718;011001200173;D;12425,92;0;;;;CF1;;60718;766;EURO;1;;2018;766;;05;C1;0;0;00003;;;;;0;0;;;;;0;;0;;;;;TES;;0;;0;;;0;0;0;0;1000024;;0;0;;0;;;;0;0;;0;;
;0;SYSGEST;I;15;2;0;60718;;A;12425,92;0;57;;;CF1;;60718;766;EURO;1;;2018;766;;05;;0;0;00003;;;;;0;0;;;;;0;;0;;;;;TES;;0;;0;;;0;0;0;0;1000024;;0;0;;0;;;;0;0;;0;;
;0;SYSGEST;G;15;3;0;60718;6500600005;A;12425,92;0;;;;CF1;;60718;766;EURO;1;;2018;766;;05;;0;0;00003;;;;;0;0;;;;;0;;0;;;;;TES;;0;;0;;;0;0;0;0;1000024;;0;0;;0;;;;0;0;;0;;
;0;SYSGEST;C;16;1;0;60718;011001200138;D;40559,1;0;;;;CF1;;60718;767;USD;1,1725;;2018;767;;28;C1;0;0;00003;;;;;0;0;;;;;0;;0;;;;;TES;;0;;0;;;0;0;0;0;1000024;;0;0;;0;;;;0;0;;0;;
;0;SYSGEST;I;16;2;0;60718;;A;40559,1;0;79;;;CF1;;60718;767;USD;1,1725;;2018;767;;28;;0;0;00003;;;;;0;0;;;;;0;;0;;;;;TES;;0;;0;;;0;0;0;0;1000024;;0;0;;0;;;;0;0;;0;;
;0;SYSGEST;G;16;3;0;60718;6500600008;A;40559,1;0;;;;CF1;;60718;767;USD;1,1725;;2018;767;;28;;0;0;00003;;;;;0;0;;;;;0;;0;;;;;TES;;0;;0;;;0;0;0;0;1000024;;0;0;;0;;;;0;0;;0;;
;0;SYSGEST;C;17;1;0;60718;011001200138;D;28476,25;0;;;;CF1;;60718;768;USD;1,1725;;2018;768;;28;C1;0;0;00003;;;;;0;0;;;;;0;;0;;;;;TES;;0;;0;;;0;0;0;0;1000024;;0;0;;0;;;;0;0;;0;;
;0;SYSGEST;I;17;2;0;60718;;A;28476,25;0;79;;;CF1;;60718;768;USD;1,1725;;2018;768;;28;;0;0;00003;;;;;0;0;;;;;0;;0;;;;;TES;;0;;0;;;0;0;0;0;1000024;;0;0;;0;;;;0;0;;0;;
;0;SYSGEST;G;17;3;0;60718;6500600008;A;28476,25;0;;;;CF1;;60718;768;USD;1,1725;;2018;768;;28;;0;0;00003;;;;;0;0;;;;;0;;0;;;;;TES;;0;;0;;;0;0;0;0;1000024;;0;0;;0;;;;0;0;;0;;
;0;SYSGEST;C;18;1;0;60718;011001200154;D;14493;0;;;;CF1;;60718;769;EURO;1;;2018;769;;14;C1;0;0;00003;;;;;0;0;;;;;0;;0;;;;;TES;;0;;0;;;0;0;0;0;1000024;;0;0;;0;;;;0;0;;0;;
;0;SYSGEST;I;18;2;0;60718;;A;14493;0;57;;;CF1;;60718;769;EURO;1;;2018;769;;14;;0;0;00003;;;;;0;0;;;;;0;;0;;;;;TES;;0;;0;;;0;0;0;0;1000024;;0;0;;0;;;;0;0;;0;;
;0;SYSGEST;G;18;3;0;60718;6500600001;A;14493;0;;;;CF1;;60718;769;EURO;1;;2018;769;;14;;0;0;00003;;;;;0;0;;;;;0;;0;;;;;TES;;0;;0;;;0;0;0;0;1000024;;0;0;;0;;;;0;0;;0;;
;0;SYSGEST;C;19;1;0;60718;011001100017;D;23184,16;0;;;;CF1;;60718;770;EURO;1;;2018;770;;69;RB;0;0;00008;05048;01611;;;0;0;;;;;0;;0;;;;;TES;;0;;0;;;0;0;0;0;1000024;;0;0;;0;;;;0;0;;0;;
;0;SYSGEST;I;19;2;0;60718;;A;23182,16;0;52;;;CF1;;60718;770;EURO;1;;2018;770;;69;;0;0;00008;05048;01611;;;0;0;;;;;0;;0;;;;;TES;;0;;0;;;0;0;0;0;1000024;;0;0;;0;;;;0;0;;0;;
;0;SYSGEST;G;19;3;0;60718;6500100005;A;23182,16;0;;;;CF1;;60718;770;EURO;1;;2018;770;;69;;0;0;00008;05048;01611;;;0;0;;;;;0;;0;;;;;TES;;0;;0;;;0;0;0;0;1000024;;0;0;;0;;;;0;0;;0;;
;0;SYSGEST;G;19;4;0;60718;6500400002;A;2;0;;;;CF1;;60718;770;EURO;1;;2018;770;;69;;0;0;00008;05048;01611;;;0;0;;;;;0;;0;;;;;TES;;0;;0;;;0;0;0;0;1000024;;0;0;;0;;;;0;0;;0;;
;0;SYSGEST;C;20;1;0;60718;011001200138;D;8165,6;0;;;;CF1;;60718;771;USD;1,1725;;2018;771;;28;C1;0;0;00003;;;;;0;0;;;;;0;;0;;;;;TES;;0;;0;;;0;0;0;0;1000024;;0;0;;0;;;;0;0;;0;;
;0;SYSGEST;I;20;2;0;60718;;A;8165,6;0;79;;;CF1;;60718;771;USD;1,1725;;2018;771;;28;;0;0;00003;;;;;0;0;;;;;0;;0;;;;;TES;;0;;0;;;0;0;0;0;1000024;;0;0;;0;;;;0;0;;0;;
;0;SYSGEST;G;20;3;0;60718;6500600008;A;8165,6;0;;;;CF1;;60718;771;USD;1,1725;;2018;771;;28;;0;0;00003;;;;;0;0;;;;;0;;0;;;;;TES;;0;;0;;;0;0;0;0;1000024;;0;0;;0;;;;0;0;;0;;
;0;SYSGEST;C;21;1;0;60718;011001300185;D;6593,9;0;;;;CF1;;60718;772;USD;1,1725;;2018;772;;39;C1;0;0;00006;;;;;0;0;;;;;0;;0;;;;;TES;;0;;0;;;0;0;0;0;1000024;;0;0;;0;;;;0;0;;0;;
;0;SYSGEST;I;21;2;0;60718;;A;6593,9;0;79;;;CF1;;60718;772;USD;1,1725;;2018;772;;39;;0;0;00006;;;;;0;0;;;;;0;;0;;;;;TES;;0;;0;;;0;0;0;0;1000024;;0;0;;0;;;;0;0;;0;;
;0;SYSGEST;G;21;3;0;60718;6500200008;A;6593,9;0;;;;CF1;;60718;772;USD;1,1725;;2018;772;;39;;0;0;00006;;;;;0;0;;;;;0;;0;;;;;TES;;0;;0;;;0;0;0;0;1000024;;0;0;;0;;;;0;0;;0;;
;0;SYSGEST;C;22;1;0;90718;011001300215;D;36;0;;;;CF1;;90718;773;EURO;1;;2018;773;;27;C1;0;0;00003;;;;;0;0;;;;;0;;0;;;;;TES;;0;;0;;;0;0;0;0;1000024;;0;0;;0;;;;0;0;;0;;
;0;SYSGEST;I;22;2;0;90718;;A;36;0;51;;;CF1;;90718;773;EURO;1;;2018;773;;27;;0;0;00003;;;;;0;0;;;;;0;;0;;;;;TES;;0;;0;;;0;0;0;0;1000024;;0;0;;0;;;;0;0;;0;;
;0;SYSGEST;G;22;3;0;90718;6500200001;A;36;0;;;;CF1;;90718;773;EURO;1;;2018;773;;27;;0;0;00003;;;;;0;0;;;;;0;;0;;;;;TES;;0;;0;;;0;0;0;0;1000024;;0;0;;0;;;;0;0;;0;;
;0;SYSGEST;C;23;1;0;90718;011001200138;D;1532,3;0;;;;CF1;;90718;774;USD;1,179;;2018;774;;28;C1;0;0;00003;;;;;0;0;;;;;0;;0;;;;;TES;;0;;0;;;0;0;0;0;1000024;;0;0;;0;;;;0;0;;0;;
;0;SYSGEST;I;23;2;0;90718;;A;1532,3;0;79;;;CF1;;90718;774;USD;1,179;;2018;774;;28;;0;0;00003;;;;;0;0;;;;;0;;0;;;;;TES;;0;;0;;;0;0;0;0;1000024;;0;0;;0;;;;0;0;;0;;
;0;SYSGEST;G;23;3;0;90718;6500600008;A;1532,3;0;;;;CF1;;90718;774;USD;1,179;;2018;774;;28;;0;0;00003;;;;;0;0;;;;;0;;0;;;;;TES;;0;;0;;;0;0;0;0;1000024;;0;0;;0;;;;0;0;;0;;
;0;SYSGEST;C;24;1;0;90718;011001100709;D;4907;0;;;;CF1;;90718;775;EURO;1;;2018;775;;32;C1;0;0;00009;03440;01605;;;0;0;;;;;0;;0;;;;;TES;;0;;0;;;0;0;0;0;1000024;;0;0;;0;;;;0;0;;0;;
;0;SYSGEST;I;24;2;0;90718;;A;4905;0;52;;;CF1;;90718;775;EURO;1;;2018;775;;32;;0;0;00009;03440;01605;;;0;0;;;;;0;;0;;;;;TES;;0;;0;;;0;0;0;0;1000024;;0;0;;0;;;;0;0;;0;;
;0;SYSGEST;G;24;3;0;90718;6500100005;A;4905;0;;;;CF1;;90718;775;EURO;1;;2018;775;;32;;0;0;00009;03440;01605;;;0;0;;;;;0;;0;;;;;TES;;0;;0;;;0;0;0;0;1000024;;0;0;;0;;;;0;0;;0;;
;0;SYSGEST;G;24;4;0;90718;6500400002;A;2;0;;;;CF1;;90718;775;EURO;1;;2018;775;;32;;0;0;00009;03440;01605;;;0;0;;;;;0;;0;;;;;TES;;0;;0;;;0;0;0;0;1000024;;0;0;;0;;;;0;0;;0;;
;0;SYSGEST;C;25;1;0;90718;011001200138;D;1632;0;;;;CF1;;90718;776;USD;1,179;;2018;776;;28;C1;0;0;00003;;;;;0;0;;;;;0;;0;;;;;TES;;0;;0;;;0;0;0;0;1000024;;0;0;;0;;;;0;0;;0;;
;0;SYSGEST;I;25;2;0;90718;;A;1632;0;79;;;CF1;;90718;776;USD;1,179;;2018;776;;28;;0;0;00003;;;;;0;0;;;;;0;;0;;;;;TES;;0;;0;;;0;0;0;0;1000024;;0;0;;0;;;;0;0;;0;;
;0;SYSGEST;G;25;3;0;90718;6500600008;A;1632;0;;;;CF1;;90718;776;USD;1,179;;2018;776;;28;;0;0;00003;;;;;0;0;;;;;0;;0;;;;;TES;;0;;0;;;0;0;0;0;1000024;;0;0;;0;;;;0;0;;0;;
;0;SYSGEST;C;26;1;0;90718;011001200138;D;573,4;0;;;;CF1;;90718;777;USD;1,179;;2018;777;;28;C1;0;0;00003;;;;;0;0;;;;;0;;0;;;;;TES;;0;;0;;;0;0;0;0;1000024;;0;0;;0;;;;0;0;;0;;
;0;SYSGEST;I;26;2;0;90718;;A;573,4;0;79;;;CF1;;90718;777;USD;1,179;;2018;777;;28;;0;0;00003;;;;;0;0;;;;;0;;0;;;;;TES;;0;;0;;;0;0;0;0;1000024;;0;0;;0;;;;0;0;;0;;
;0;SYSGEST;G;26;3;0;90718;6500600008;A;573,4;0;;;;CF1;;90718;777;USD;1,179;;2018;777;;28;;0;0;00003;;;;;0;0;;;;;0;;0;;;;;TES;;0;;0;;;0;0;0;0;1000024;;0;0;;0;;;;0;0;;0;;
;0;SYSGEST;C;27;1;0;90718;011001300018;D;6802,64;0;;;;CF1;;90718;778;USD;1,179;;2018;778;;17;C1;0;0;00006;;;;;0;0;;;;;0;;0;;;;;TES;;0;;0;;;0;0;0;0;1000024;;0;0;;0;;;;0;0;;0;;
;0;SYSGEST;I;27;2;0;90718;;A;6802,64;0;51;;;CF1;;90718;778;USD;1,179;;2018;778;;17;;0;0;00006;;;;;0;0;;;;;0;;0;;;;;TES;;0;;0;;;0;0;0;0;1000024;;0;0;;0;;;;0;0;;0;;
;0;SYSGEST;G;27;3;0;90718;6500200005;A;6802,64;0;;;;CF1;;90718;778;USD;1,179;;2018;778;;17;;0;0;00006;;;;;0;0;;;;;0;;0;;;;;TES;;0;;0;;;0;0;0;0;1000024;;0;0;;0;;;;0;0;;0;;
;0;SYSGEST;C;28;1;0;90718;011001300070;D;1188,32;0;;;;CF1;;90718;779;USD;1,179;;2018;779;;27;C1;0;0;00006;;;;;0;0;;;;;0;;0;;;;;TES;;0;;0;;;0;0;0;0;1000024;;0;0;;0;;;;0;0;;0;;
;0;SYSGEST;I;28;2;0;90718;;A;1188,32;0;51;;;CF1;;90718;779;USD;1,179;;2018;779;;27;;0;0;00006;;;;;0;0;;;;;0;;0;;;;;TES;;0;;0;;;0;0;0;0;1000024;;0;0;;0;;;;0;0;;0;;
;0;SYSGEST;G;28;3;0;90718;6500200005;A;1188,32;0;;;;CF1;;90718;779;USD;1,179;;2018;779;;27;;0;0;00006;;;;;0;0;;;;;0;;0;;;;;TES;;0;;0;;;0;0;0;0;1000024;;0;0;;0;;;;0;0;;0;;
;0;SYSGEST;C;29;1;0;90718;011001200138;A;8165,6;0;;;;CN1;;90718;780;USD;1,1725;;2018;780;;28;C1;0;0;00003;;;;;0;0;;;;;0;;0;;;;;TES;;0;;0;;;0;0;0;0;1000024;;0;0;;0;;;;0;0;;0;;
;0;SYSGEST;I;29;2;0;90718;;D;8165,6;0;79;;;CN1;;90718;780;USD;1,1725;;2018;780;;28;;0;0;00003;;;;;0;0;;;;;0;;0;;;;;TES;;0;;0;;;0;0;0;0;1000024;;0;0;;0;;;;0;0;;0;;
;0;SYSGEST;G;29;3;0;90718;6500600008;D;8165,6;0;;;;CN1;;90718;780;USD;1,1725;;2018;780;;28;;0;0;00003;;;;;0;0;;;;;0;;0;;;;;TES;;0;;0;;;0;0;0;0;1000024;;0;0;;0;;;;0;0;;0;;
;0;SYSGEST;C;30;1;0;90718;011001200138;D;2723,8;0;;;;CF1;;90718;781;USD;1,1725;;2018;781;;28;C1;0;0;00003;;;;;0;0;;;;;0;;0;;;;;TES;;0;;0;;;0;0;0;0;1000024;;0;0;;0;;;;0;0;;0;;
;0;SYSGEST;I;30;2;0;90718;;A;2723,8;0;79;;;CF1;;90718;781;USD;1,1725;;2018;781;;28;;0;0;00003;;;;;0;0;;;;;0;;0;;;;;TES;;0;;0;;;0;0;0;0;1000024;;0;0;;0;;;;0;0;;0;;
;0;SYSGEST;G;30;3;0;90718;6500600008;A;2723,8;0;;;;CF1;;90718;781;USD;1,1725;;2018;781;;28;;0;0;00003;;;;;0;0;;;;;0;;0;;;;;TES;;0;;0;;;0;0;0;0;1000024;;0;0;;0;;;;0;0;;0;;
;0;SYSGEST;C;31;1;0;90718;011001200138;D;5710,9;0;;;;CF1;;90718;782;USD;1,1725;;2018;782;;28;C1;0;0;00003;;;;;0;0;;;;;0;;0;;;;;TES;;0;;0;;;0;0;0;0;1000024;;0;0;;0;;;;0;0;;0;;
;0;SYSGEST;I;31;2;0;90718;;A;5710,9;0;79;;;CF1;;90718;782;USD;1,1725;;2018;782;;28;;0;0;00003;;;;;0;0;;;;;0;;0;;;;;TES;;0;;0;;;0;0;0;0;1000024;;0;0;;0;;;;0;0;;0;;
;0;SYSGEST;G;31;3;0;90718;6500600008;A;5710,9;0;;;;CF1;;90718;782;USD;1,1725;;2018;782;;28;;0;0;00003;;;;;0;0;;;;;0;;0;;;;;TES;;0;;0;;;0;0;0;0;1000024;;0;0;;0;;;;0;0;;0;;
;0;SYSGEST;C;32;1;0;100718;011001300040;D;108,11;0;;;;CF1;;100718;783;EURO;1;;2018;783;;15;C1;0;0;00003;;;;;0;0;;;;;0;;0;;;;;TES;;0;;0;;;0;0;0;0;1000024;;0;0;;0;;;;0;0;;0;;
;0;SYSGEST;I;32;2;0;100718;;A;108,11;0;51;;;CF1;;100718;783;EURO;1;;2018;783;;15;;0;0;00003;;;;;0;0;;;;;0;;0;;;;;TES;;0;;0;;;0;0;0;0;1000024;;0;0;;0;;;;0;0;;0;;
;0;SYSGEST;G;32;3;0;100718;6500200002;A;61;0;;;;CF1;;100718;783;EURO;1;;2018;783;;15;;0;0;00003;;;;;0;0;;;;;0;;0;;;;;TES;;0;;0;;;0;0;0;0;1000024;;0;0;;0;;;;0;0;;0;;
;0;SYSGEST;G;32;4;0;100718;6500400001;A;47,11;0;;;;CF1;;100718;783;EURO;1;;2018;783;;15;;0;0;00003;;;;;0;0;;;;;0;;0;;;;;TES;;0;;0;;;0;0;0;0;1000024;;0;0;;0;;;;0;0;;0;;
;0;SYSGEST;C;33;1;0;100718;011001300185;D;2430,8;0;;;;CF1;;100718;784;USD;1,1714;;2018;784;;39;C1;0;0;00006;;;;;0;0;;;;;0;;0;;;;;TES;;0;;0;;;0;0;0;0;1000024;;0;0;;0;;;;0;0;;0;;
;0;SYSGEST;I;33;2;0;100718;;A;2430,8;0;79;;;CF1;;100718;784;USD;1,1714;;2018;784;;39;;0;0;00006;;;;;0;0;;;;;0;;0;;;;;TES;;0;;0;;;0;0;0;0;1000024;;0;0;;0;;;;0;0;;0;;
;0;SYSGEST;G;33;3;0;100718;6500200008;A;2430,8;0;;;;CF1;;100718;784;USD;1,1714;;2018;784;;39;;0;0;00006;;;;;0;0;;;;;0;;0;;;;;TES;;0;;0;;;0;0;0;0;1000024;;0;0;;0;;;;0;0;;0;;
;0;SYSGEST;C;34;1;0;110718;011001100714;D;197,84;0;;;;CF1;;110718;785;EURO;1;;2018;785;;31;C1;0;0;00010;01005;11500;;;0;0;;;;;0;;0;;;;;TES;;0;;0;;;0;0;0;0;1000024;;0;0;;0;;;;0;0;;0;;
;0;SYSGEST;I;34;2;0;110718;;A;195,84;0;52;;;CF1;;110718;785;EURO;1;;2018;785;;31;;0;0;00010;01005;11500;;;0;0;;;;;0;;0;;;;;TES;;0;;0;;;0;0;0;0;1000024;;0;0;;0;;;;0;0;;0;;
;0;SYSGEST;G;34;3;0;110718;6500100005;A;195,84;0;;;;CF1;;110718;785;EURO;1;;2018;785;;31;;0;0;00010;01005;11500;;;0;0;;;;;0;;0;;;;;TES;;0;;0;;;0;0;0;0;1000024;;0;0;;0;;;;0;0;;0;;
;0;SYSGEST;G;34;4;0;110718;6500400002;A;2;0;;;;CF1;;110718;785;EURO;1;;2018;785;;31;;0;0;00010;01005;11500;;;0;0;;;;;0;;0;;;;;TES;;0;;0;;;0;0;0;0;1000024;;0;0;;0;;;;0;0;;0;;
;0;SYSGEST;C;35;1;0;110718;011001100709;D;1638,6;0;;;;CF1;;110718;786;EURO;1;;2018;786;;32;C1;0;0;00009;03440;01605;;;0;0;;;;;0;;0;;;;;TES;;0;;0;;;0;0;0;0;1000024;;0;0;;0;;;;0;0;;0;;
;0;SYSGEST;I;35;2;0;110718;;A;1636,6;0;52;;;CF1;;110718;786;EURO;1;;2018;786;;32;;0;0;00009;03440;01605;;;0;0;;;;;0;;0;;;;;TES;;0;;0;;;0;0;0;0;1000024;;0;0;;0;;;;0;0;;0;;
;0;SYSGEST;G;35;3;0;110718;6500100005;A;1636,6;0;;;;CF1;;110718;786;EURO;1;;2018;786;;32;;0;0;00009;03440;01605;;;0;0;;;;;0;;0;;;;;TES;;0;;0;;;0;0;0;0;1000024;;0;0;;0;;;;0;0;;0;;
;0;SYSGEST;G;35;4;0;110718;6500400002;A;2;0;;;;CF1;;110718;786;EURO;1;;2018;786;;32;;0;0;00009;03440;01605;;;0;0;;;;;0;;0;;;;;TES;;0;;0;;;0;0;0;0;1000024;;0;0;;0;;;;0;0;;0;;
;0;SYSGEST;C;36;1;0;110718;011001100145;D;5278,54;0;;;;CF1;;110718;787;EURO;1;;2018;787;;69;RB;0;0;00003;01010;39720;;;0;0;;;;;0;;4;;;;;TES;;0;;0;;;0;0;0;0;1000024;;0;0;;0;;;;0;0;;0;;
;0;SYSGEST;I;36;2;0;110718;;A;5276,54;0;52;;;CF1;;110718;787;EURO;1;;2018;787;;69;;0;0;00003;01010;39720;;;0;0;;;;;0;;4;;;;;TES;;0;;0;;;0;0;0;0;1000024;;0;0;;0;;;;0;0;;0;;
;0;SYSGEST;G;36;3;0;110718;6500100005;A;5276,54;0;;;;CF1;;110718;787;EURO;1;;2018;787;;69;;0;0;00003;01010;39720;;;0;0;;;;;0;;4;;;;;TES;;0;;0;;;0;0;0;0;1000024;;0;0;;0;;;;0;0;;0;;
;0;SYSGEST;G;36;4;0;110718;6500400002;A;2;0;;;;CF1;;110718;787;EURO;1;;2018;787;;69;;0;0;00003;01010;39720;;;0;0;;;;;0;;4;;;;;TES;;0;;0;;;0;0;0;0;1000024;;0;0;;0;;;;0;0;;0;;
;0;SYSGEST;C;37;1;0;110718;011001200019;D;3534,16;0;;;;CF1;;110718;788;EURO;1;;2018;788;;27;C1;0;0;00003;;;;;0;0;;;;;0;;0;;;;;TES;;0;;0;;;0;0;0;0;1000024;;0;0;;0;;;;0;0;;0;;
;0;SYSGEST;I;37;2;0;110718;;A;3534,16;0;57;;;CF1;;110718;788;EURO;1;;2018;788;;27;;0;0;00003;;;;;0;0;;;;;0;;0;;;;;TES;;0;;0;;;0;0;0;0;1000024;;0;0;;0;;;;0;0;;0;;
;0;SYSGEST;G;37;3;0;110718;6500600005;A;3534,16;0;;;;CF1;;110718;788;EURO;1;;2018;788;;27;;0;0;00003;;;;;0;0;;;;;0;;0;;;;;TES;;0;;0;;;0;0;0;0;1000024;;0;0;;0;;;;0;0;;0;;
;0;SYSGEST;C;38;1;0;110718;011001300025;D;7996,43;0;;;;CF1;;110718;789;EURO;1;;2018;789;;58;C1;0;0;00003;;;;;0;0;;;;;0;;0;;;;;TES;;0;;0;;;0;0;0;0;1000024;;0;0;;0;;;;0;0;;0;;
;0;SYSGEST;I;38;2;0;110718;;A;7996,43;0;51;;;CF1;;110718;789;EURO;1;;2018;789;;58;;0;0;00003;;;;;0;0;;;;;0;;0;;;;;TES;;0;;0;;;0;0;0;0;1000024;;0;0;;0;;;;0;0;;0;;
;0;SYSGEST;G;38;3;0;110718;6500200005;A;7996,43;0;;;;CF1;;110718;789;EURO;1;;2018;789;;58;;0;0;00003;;;;;0;0;;;;;0;;0;;;;;TES;;0;;0;;;0;0;0;0;1000024;;0;0;;0;;;;0;0;;0;;
;0;SYSGEST;C;39;1;0;120718;011001300070;D;1739,78;0;;;;CF1;;120718;790;USD;1,1659;;2018;790;;27;C1;0;0;00006;;;;;0;0;;;;;0;;0;;;;;TES;;0;;0;;;0;0;0;0;1000024;;0;0;;0;;;;0;0;;0;;
;0;SYSGEST;I;39;2;0;120718;;A;1739,78;0;51;;;CF1;;120718;790;USD;1,1659;;2018;790;;27;;0;0;00006;;;;;0;0;;;;;0;;0;;;;;TES;;0;;0;;;0;0;0;0;1000024;;0;0;;0;;;;0;0;;0;;
;0;SYSGEST;G;39;3;0;120718;6500200005;A;1739,78;0;;;;CF1;;120718;790;USD;1,1659;;2018;790;;27;;0;0;00006;;;;;0;0;;;;;0;;0;;;;;TES;;0;;0;;;0;0;0;0;1000024;;0;0;;0;;;;0;0;;0;;
;0;SYSGEST;C;40;1;0;120718;011001200138;D;1738,8;0;;;;CF1;;120718;791;USD;1,1659;;2018;791;;28;C1;0;0;00003;;;;;0;0;;;;;0;;0;;;;;TES;;0;;0;;;0;0;0;0;1000024;;0;0;;0;;;;0;0;;0;;
;0;SYSGEST;I;40;2;0;120718;;A;1738,8;0;79;;;CF1;;120718;791;USD;1,1659;;2018;791;;28;;0;0;00003;;;;;0;0;;;;;0;;0;;;;;TES;;0;;0;;;0;0;0;0;1000024;;0;0;;0;;;;0;0;;0;;
;0;SYSGEST;G;40;3;0;120718;6500600008;A;1738,8;0;;;;CF1;;120718;791;USD;1,1659;;2018;791;;28;;0;0;00003;;;;;0;0;;;;;0;;0;;;;;TES;;0;;0;;;0;0;0;0;1000024;;0;0;;0;;;;0;0;;0;;
;0;SYSGEST;C;41;1;0;120718;011001100714;D;157,2;0;;;;CF1;;120718;792;EURO;1;;2018;792;;31;C1;0;0;00010;01005;11500;;;0;0;;;;;0;;0;;;;;TES;;0;;0;;;0;0;0;0;1000024;;0;0;;0;;;;0;0;;0;;
;0;SYSGEST;I;41;2;0;120718;;A;155,2;0;52;;;CF1;;120718;792;EURO;1;;2018;792;;31;;0;0;00010;01005;11500;;;0;0;;;;;0;;0;;;;;TES;;0;;0;;;0;0;0;0;1000024;;0;0;;0;;;;0;0;;0;;
;0;SYSGEST;G;41;3;0;120718;6500100001;A;155,2;0;;;;CF1;;120718;792;EURO;1;;2018;792;;31;;0;0;00010;01005;11500;;;0;0;;;;;0;;0;;;;;TES;;0;;0;;;0;0;0;0;1000024;;0;0;;0;;;;0;0;;0;;
;0;SYSGEST;G;41;4;0;120718;6500400002;A;2;0;;;;CF1;;120718;792;EURO;1;;2018;792;;31;;0;0;00010;01005;11500;;;0;0;;;;;0;;0;;;;;TES;;0;;0;;;0;0;0;0;1000024;;0;0;;0;;;;0;0;;0;;
;0;SYSGEST;C;42;1;0;120718;011001100001;D;366;0;;;;CF1;;120718;793;EURO;1;;2018;793;;31;C1;0;0;00009;03069;01618;;;0;0;;;;;0;;0;;;;;TES;;0;;0;;;0;0;0;0;1000024;;0;0;;0;;;;0;0;;0;;
;0;SYSGEST;I;42;2;0;120718;;A;364;0;52;;;CF1;;120718;793;EURO;1;;2018;793;;31;;0;0;00009;03069;01618;;;0;0;;;;;0;;0;;;;;TES;;0;;0;;;0;0;0;0;1000024;;0;0;;0;;;;0;0;;0;;
;0;SYSGEST;G;42;3;0;120718;6500100005;A;364;0;;;;CF1;;120718;793;EURO;1;;2018;793;;31;;0;0;00009;03069;01618;;;0;0;;;;;0;;0;;;;;TES;;0;;0;;;0;0;0;0;1000024;;0;0;;0;;;;0;0;;0;;
;0;SYSGEST;G;42;4;0;120718;6500400002;A;2;0;;;;CF1;;120718;793;EURO;1;;2018;793;;31;;0;0;00009;03069;01618;;;0;0;;;;;0;;0;;;;;TES;;0;;0;;;0;0;0;0;1000024;;0;0;;0;;;;0;0;;0;;
;0;SYSGEST;C;43;1;0;120718;011001100552;D;18040,4;0;;;;CF1;;120718;794;EURO;1;;2018;794;;31;C1;0;0;00010;01005;15400;;;0;0;;;;;0;;0;;;;;TES;;0;;0;;;0;0;0;0;1000024;;0;0;;0;;;;0;0;;0;;
;0;SYSGEST;I;43;2;0;120718;;A;18038,4;0;52;;;CF1;;120718;794;EURO;1;;2018;794;;31;;0;0;00010;01005;15400;;;0;0;;;;;0;;0;;;;;TES;;0;;0;;;0;0;0;0;1000024;;0;0;;0;;;;0;0;;0;;
;0;SYSGEST;G;43;3;0;120718;6500100005;A;18038,4;0;;;;CF1;;120718;794;EURO;1;;2018;794;;31;;0;0;00010;01005;15400;;;0;0;;;;;0;;0;;;;;TES;;0;;0;;;0;0;0;0;1000024;;0;0;;0;;;;0;0;;0;;
;0;SYSGEST;G;43;4;0;120718;6500400002;A;2;0;;;;CF1;;120718;794;EURO;1;;2018;794;;31;;0;0;00010;01005;15400;;;0;0;;;;;0;;0;;;;;TES;;0;;0;;;0;0;0;0;1000024;;0;0;;0;;;;0;0;;0;;
;0;SYSGEST;C;44;1;0;120718;011001200154;D;10315,5;0;;;;CF1;;120718;795;EURO;1;;2018;795;;14;C1;0;0;00003;;;;;0;0;;;;;0;;0;;;;;TES;;0;;0;;;0;0;0;0;1000024;;0;0;;0;;;;0;0;;0;;
;0;SYSGEST;I;44;2;0;120718;;A;10315,5;0;57;;;CF1;;120718;795;EURO;1;;2018;795;;14;;0;0;00003;;;;;0;0;;;;;0;;0;;;;;TES;;0;;0;;;0;0;0;0;1000024;;0;0;;0;;;;0;0;;0;;
;0;SYSGEST;G;44;3;0;120718;6500600001;A;10315,5;0;;;;CF1;;120718;795;EURO;1;;2018;795;;14;;0;0;00003;;;;;0;0;;;;;0;;0;;;;;TES;;0;;0;;;0;0;0;0;1000024;;0;0;;0;;;;0;0;;0;;
;0;SYSGEST;C;45;1;0;120718;011001100683;D;854,37;0;;;;CF1;;120718;796;EURO;1;;2018;796;;36;C1;0;0;00003;05696;50240;;;0;0;;;;;0;;0;;;;;TES;;0;;0;;;0;0;0;0;1000024;;0;0;;0;;;;0;0;;0;;
;0;SYSGEST;I;45;2;0;120718;02150100002;A;700,3;154,07;22;;;CF1;;120718;796;EURO;1;;2018;796;;36;;0;0;00003;05696;50240;;;0;0;;;;;0;;0;;;;;TES;;0;;0;;;0;0;0;0;1000024;;0;0;;0;;;;0;0;;0;;
;0;SYSGEST;G;45;3;0;120718;6500100005;A;700,3;0;;;;CF1;;120718;796;EURO;1;;2018;796;;36;;0;0;00003;05696;50240;;;0;0;;;;;0;;0;;;;;TES;;0;;0;;;0;0;0;0;1000024;;0;0;;0;;;;0;0;;0;;
;0;SYSGEST;C;46;1;0;120718;011001100683;D;493,86;0;;;;CF1;;120718;797;EURO;1;;2018;797;;36;C1;0;0;00003;05696;50240;;;0;0;;;;;0;;0;;;;;TES;;0;;0;;;0;0;0;0;1000024;;0;0;;0;;;;0;0;;0;;
;0;SYSGEST;I;46;2;0;120718;02150100002;A;404,8;89,06;22;;;CF1;;120718;797;EURO;1;;2018;797;;36;;0;0;00003;05696;50240;;;0;0;;;;;0;;0;;;;;TES;;0;;0;;;0;0;0;0;1000024;;0;0;;0;;;;0;0;;0;;
;0;SYSGEST;G;46;3;0;120718;6500100003;A;404,8;0;;;;CF1;;120718;797;EURO;1;;2018;797;;36;;0;0;00003;05696;50240;;;0;0;;;;;0;;0;;;;;TES;;0;;0;;;0;0;0;0;1000024;;0;0;;0;;;;0;0;;0;;
;0;SYSGEST;C;47;1;0;120718;011001300215;D;1299,6;0;;;;CF1;;120718;798;EURO;1;;2018;798;;27;C1;0;0;00003;;;;;0;0;;;;;0;;0;;;;;TES;;0;;0;;;0;0;0;0;1000024;;0;0;;0;;;;0;0;;0;;
;0;SYSGEST;I;47;2;0;120718;;A;1299,6;0;51;;;CF1;;120718;798;EURO;1;;2018;798;;27;;0;0;00003;;;;;0;0;;;;;0;;0;;;;;TES;;0;;0;;;0;0;0;0;1000024;;0;0;;0;;;;0;0;;0;;
;0;SYSGEST;G;47;3;0;120718;6500200001;A;1299,6;0;;;;CF1;;120718;798;EURO;1;;2018;798;;27;;0;0;00003;;;;;0;0;;;;;0;;0;;;;;TES;;0;;0;;;0;0;0;0;1000024;;0;0;;0;;;;0;0;;0;;
;0;SYSGEST;C;48;1;0;120718;011001100014;D;61,49;0;;;;CF1;;120718;799;EURO;1;;2018;799;;69;RB;0;0;00003;03069;09445;;;0;0;;;;;0;;0;;;;;TES;;0;;0;;;0;0;0;0;1000024;;0;0;;0;;;;0;0;;0;;
;0;SYSGEST;I;48;2;0;120718;02150100002;A;50,4;11,09;22;;;CF1;;120718;799;EURO;1;;2018;799;;69;;0;0;00003;03069;09445;;;0;0;;;;;0;;0;;;;;TES;;0;;0;;;0;0;0;0;1000024;;0;0;;0;;;;0;0;;0;;
;0;SYSGEST;G;48;3;0;120718;6500100005;A;50,4;0;;;;CF1;;120718;799;EURO;1;;2018;799;;69;;0;0;00003;03069;09445;;;0;0;;;;;0;;0;;;;;TES;;0;;0;;;0;0;0;0;1000024;;0;0;;0;;;;0;0;;0;;
;0;SYSGEST;C;49;1;0;120718;011001100709;D;329,6;0;;;;CF1;;120718;800;EURO;1;;2018;800;;32;C1;0;0;00009;03440;01605;;;0;0;;;;;0;;0;;;;;TES;;0;;0;;;0;0;0;0;1000024;;0;0;;0;;;;0;0;;0;;
;0;SYSGEST;I;49;2;0;120718;;A;327,6;0;52;;;CF1;;120718;800;EURO;1;;2018;800;;32;;0;0;00009;03440;01605;;;0;0;;;;;0;;0;;;;;TES;;0;;0;;;0;0;0;0;1000024;;0;0;;0;;;;0;0;;0;;
;0;SYSGEST;G;49;3;0;120718;6500100005;A;327,6;0;;;;CF1;;120718;800;EURO;1;;2018;800;;32;;0;0;00009;03440;01605;;;0;0;;;;;0;;0;;;;;TES;;0;;0;;;0;0;0;0;1000024;;0;0;;0;;;;0;0;;0;;
;0;SYSGEST;G;49;4;0;120718;6500400002;A;2;0;;;;CF1;;120718;800;EURO;1;;2018;800;;32;;0;0;00009;03440;01605;;;0;0;;;;;0;;0;;;;;TES;;0;;0;;;0;0;0;0;1000024;;0;0;;0;;;;0;0;;0;;
;0;SYSGEST;C;50;1;0;130718;011001100376;D;1898,63;0;;;;CF1;;130718;801;USD;1,1644;;2018;801;;28;C1;0;0;;01030;76200;;;0;0;;;;;0;;0;;;;;TES;;0;;0;;;0;0;0;0;1000024;;0;0;;0;;;;0;0;;0;;
;0;SYSGEST;I;50;2;0;130718;;A;1898,63;0;52;;;CF1;;130718;801;USD;1,1644;;2018;801;;28;;0;0;;01030;76200;;;0;0;;;;;0;;0;;;;;TES;;0;;0;;;0;0;0;0;1000024;;0;0;;0;;;;0;0;;0;;
;0;SYSGEST;G;50;3;0;130718;6500100005;A;1898,63;0;;;;CF1;;130718;801;USD;1,1644;;2018;801;;28;;0;0;;01030;76200;;;0;0;;;;;0;;0;;;;;TES;;0;;0;;;0;0;0;0;1000024;;0;0;;0;;;;0;0;;0;;
;0;SYSGEST;C;51;1;0;130718;011001100145;D;2265,68;0;;;;CF1;;130718;802;EURO;1;;2018;802;;69;RB;0;0;00003;01010;39720;;;0;0;;;;;0;;4;;;;;TES;;0;;0;;;0;0;0;0;1000024;;0;0;;0;;;;0;0;;0;;
;0;SYSGEST;I;51;2;0;130718;;A;2263,68;0;52;;;CF1;;130718;802;EURO;1;;2018;802;;69;;0;0;00003;01010;39720;;;0;0;;;;;0;;4;;;;;TES;;0;;0;;;0;0;0;0;1000024;;0;0;;0;;;;0;0;;0;;
;0;SYSGEST;G;51;3;0;130718;6500100005;A;2263,68;0;;;;CF1;;130718;802;EURO;1;;2018;802;;69;;0;0;00003;01010;39720;;;0;0;;;;;0;;4;;;;;TES;;0;;0;;;0;0;0;0;1000024;;0;0;;0;;;;0;0;;0;;
;0;SYSGEST;G;51;4;0;130718;6500400002;A;2;0;;;;CF1;;130718;802;EURO;1;;2018;802;;69;;0;0;00003;01010;39720;;;0;0;;;;;0;;4;;;;;TES;;0;;0;;;0;0;0;0;1000024;;0;0;;0;;;;0;0;;0;;
;0;SYSGEST;C;52;1;0;130718;011001100145;D;4014;0;;;;CF1;;130718;803;EURO;1;;2018;803;;69;RB;0;0;00003;01010;39720;;;0;0;;;;;0;;4;;;;;TES;;0;;0;;;0;0;0;0;1000024;;0;0;;0;;;;0;0;;0;;
;0;SYSGEST;I;52;2;0;130718;;A;4012;0;52;;;CF1;;130718;803;EURO;1;;2018;803;;69;;0;0;00003;01010;39720;;;0;0;;;;;0;;4;;;;;TES;;0;;0;;;0;0;0;0;1000024;;0;0;;0;;;;0;0;;0;;
;0;SYSGEST;G;52;3;0;130718;6500100002;A;4012;0;;;;CF1;;130718;803;EURO;1;;2018;803;;69;;0;0;00003;01010;39720;;;0;0;;;;;0;;4;;;;;TES;;0;;0;;;0;0;0;0;1000024;;0;0;;0;;;;0;0;;0;;
;0;SYSGEST;G;52;4;0;130718;6500400002;A;2;0;;;;CF1;;130718;803;EURO;1;;2018;803;;69;;0;0;00003;01010;39720;;;0;0;;;;;0;;4;;;;;TES;;0;;0;;;0;0;0;0;1000024;;0;0;;0;;;;0;0;;0;;
;0;SYSGEST;C;53;1;0;130718;011001300185;D;9512,86;0;;;;CF1;;130718;804;USD;1,1644;;2018;804;;39;C1;0;0;00006;;;;;0;0;;;;;0;;0;;;;;TES;;0;;0;;;0;0;0;0;1000024;;0;0;;0;;;;0;0;;0;;
;0;SYSGEST;I;53;2;0;130718;;A;9512,86;0;79;;;CF1;;130718;804;USD;1,1644;;2018;804;;39;;0;0;00006;;;;;0;0;;;;;0;;0;;;;;TES;;0;;0;;;0;0;0;0;1000024;;0;0;;0;;;;0;0;;0;;
;0;SYSGEST;G;53;3;0;130718;6500200008;A;9512,86;0;;;;CF1;;130718;804;USD;1,1644;;2018;804;;39;;0;0;00006;;;;;0;0;;;;;0;;0;;;;;TES;;0;;0;;;0;0;0;0;1000024;;0;0;;0;;;;0;0;;0;;
;0;SYSGEST;C;54;1;0;130718;011001200034;D;352,8;0;;;;CF1;;130718;805;EURO;1;;2018;805;;18;C1;0;0;00003;;;;;0;0;;;;;0;;0;;;;;TES;;0;;0;;;0;0;0;0;1000024;;0;0;;0;;;;0;0;;0;;
;0;SYSGEST;I;54;2;0;130718;;A;352,8;0;57;;;CF1;;130718;805;EURO;1;;2018;805;;18;;0;0;00003;;;;;0;0;;;;;0;;0;;;;;TES;;0;;0;;;0;0;0;0;1000024;;0;0;;0;;;;0;0;;0;;
;0;SYSGEST;G;54;3;0;130718;6500600005;A;352,8;0;;;;CF1;;130718;805;EURO;1;;2018;805;;18;;0;0;00003;;;;;0;0;;;;;0;;0;;;;;TES;;0;;0;;;0;0;0;0;1000024;;0;0;;0;;;;0;0;;0;;
;0;SYSGEST;C;55;1;0;160718;011001100145;D;4958;0;;;;CF1;;160718;806;EURO;1;;2018;806;;69;RB;0;0;00003;01010;39720;;;0;0;;;;;0;;4;;;;;TES;;0;;0;;;0;0;0;0;1000024;;0;0;;0;;;;0;0;;0;;
;0;SYSGEST;I;55;2;0;160718;;A;4956;0;52;;;CF1;;160718;806;EURO;1;;2018;806;;69;;0;0;00003;01010;39720;;;0;0;;;;;0;;4;;;;;TES;;0;;0;;;0;0;0;0;1000024;;0;0;;0;;;;0;0;;0;;
;0;SYSGEST;G;55;3;0;160718;6500100005;A;4956;0;;;;CF1;;160718;806;EURO;1;;2018;806;;69;;0;0;00003;01010;39720;;;0;0;;;;;0;;4;;;;;TES;;0;;0;;;0;0;0;0;1000024;;0;0;;0;;;;0;0;;0;;
;0;SYSGEST;G;55;4;0;160718;6500400002;A;2;0;;;;CF1;;160718;806;EURO;1;;2018;806;;69;;0;0;00003;01010;39720;;;0;0;;;;;0;;4;;;;;TES;;0;;0;;;0;0;0;0;1000024;;0;0;;0;;;;0;0;;0;;
;0;SYSGEST;C;56;1;0;170718;011001100145;A;1103,3;0;;;;CN1;;170718;807;EURO;1;;2018;807;;01;C1;0;0;00003;01010;39720;;;0;0;;;;;0;;4;;;;;TES;;0;;0;;;0;0;0;0;1000024;;0;0;;0;;;;0;0;;0;;
;0;SYSGEST;I;56;2;0;170718;;D;1103,3;0;72;;;CN1;;170718;807;EURO;1;;2018;807;;01;;0;0;00003;01010;39720;;;0;0;;;;;0;;4;;;;;TES;;0;;0;;;0;0;0;0;1000024;;0;0;;0;;;;0;0;;0;;
;0;SYSGEST;G;56;3;0;170718;6500100005;D;1103,3;0;;;;CN1;;170718;807;EURO;1;;2018;807;;01;;0;0;00003;01010;39720;;;0;0;;;;;0;;4;;;;;TES;;0;;0;;;0;0;0;0;1000024;;0;0;;0;;;;0;0;;0;;
;0;SYSGEST;C;57;1;0;170718;011001300185;D;548,7;0;;;;CF1;;170718;808;USD;1,1708;;2018;808;;39;C1;0;0;00006;;;;;0;0;;;;;0;;0;;;;;TES;;0;;0;;;0;0;0;0;1000024;;0;0;;0;;;;0;0;;0;;
;0;SYSGEST;I;57;2;0;170718;;A;548,7;0;51;;;CF1;;170718;808;USD;1,1708;;2018;808;;39;;0;0;00006;;;;;0;0;;;;;0;;0;;;;;TES;;0;;0;;;0;0;0;0;1000024;;0;0;;0;;;;0;0;;0;;
;0;SYSGEST;G;57;3;0;170718;6500200005;A;548,7;0;;;;CF1;;170718;808;USD;1,1708;;2018;808;;39;;0;0;00006;;;;;0;0;;;;;0;;0;;;;;TES;;0;;0;;;0;0;0;0;1000024;;0;0;;0;;;;0;0;;0;;
;0;SYSGEST;C;58;1;0;180718;011001100552;D;4025,46;0;;;;CF1;;180718;809;EURO;1;;2018;809;;31;C1;0;0;00010;01005;15400;;;0;0;;;;;0;;0;;;;;TES;;0;;0;;;0;0;0;0;1000024;;0;0;;0;;;;0;0;;0;;
;0;SYSGEST;I;58;2;0;180718;;A;4023,46;0;52;;;CF1;;180718;809;EURO;1;;2018;809;;31;;0;0;00010;01005;15400;;;0;0;;;;;0;;0;;;;;TES;;0;;0;;;0;0;0;0;1000024;;0;0;;0;;;;0;0;;0;;
;0;SYSGEST;G;58;3;0;180718;6500100005;A;4023,46;0;;;;CF1;;180718;809;EURO;1;;2018;809;;31;;0;0;00010;01005;15400;;;0;0;;;;;0;;0;;;;;TES;;0;;0;;;0;0;0;0;1000024;;0;0;;0;;;;0;0;;0;;
;0;SYSGEST;G;58;4;0;180718;6500400002;A;2;0;;;;CF1;;180718;809;EURO;1;;2018;809;;31;;0;0;00010;01005;15400;;;0;0;;;;;0;;0;;;;;TES;;0;;0;;;0;0;0;0;1000024;;0;0;;0;;;;0;0;;0;;
;0;SYSGEST;C;59;1;0;180718;011001100552;D;10652,88;0;;;;CF1;;180718;810;EURO;1;;2018;810;;31;C1;0;0;00010;01005;15400;;;0;0;;;;;0;;0;;;;;TES;;0;;0;;;0;0;0;0;1000024;;0;0;;0;;;;0;0;;0;;
;0;SYSGEST;I;59;2;0;180718;;A;10650,88;0;52;;;CF1;;180718;810;EURO;1;;2018;810;;31;;0;0;00010;01005;15400;;;0;0;;;;;0;;0;;;;;TES;;0;;0;;;0;0;0;0;1000024;;0;0;;0;;;;0;0;;0;;
;0;SYSGEST;G;59;3;0;180718;6500100005;A;10650,88;0;;;;CF1;;180718;810;EURO;1;;2018;810;;31;;0;0;00010;01005;15400;;;0;0;;;;;0;;0;;;;;TES;;0;;0;;;0;0;0;0;1000024;;0;0;;0;;;;0;0;;0;;
;0;SYSGEST;G;59;4;0;180718;6500400002;A;2;0;;;;CF1;;180718;810;EURO;1;;2018;810;;31;;0;0;00010;01005;15400;;;0;0;;;;;0;;0;;;;;TES;;0;;0;;;0;0;0;0;1000024;;0;0;;0;;;;0;0;;0;;
;0;SYSGEST;C;60;1;0;200718;011001100552;D;22100,63;0;;;;CF1;;200718;811;EURO;1;;2018;811;;31;C1;0;0;00010;01005;15400;;;0;0;;;;;0;;0;;;;;TES;;0;;0;;;0;0;0;0;1000024;;0;0;;0;;;;0;0;;0;;
;0;SYSGEST;I;60;2;0;200718;;A;22098,63;0;52;;;CF1;;200718;811;EURO;1;;2018;811;;31;;0;0;00010;01005;15400;;;0;0;;;;;0;;0;;;;;TES;;0;;0;;;0;0;0;0;1000024;;0;0;;0;;;;0;0;;0;;
;0;SYSGEST;G;60;3;0;200718;6500100005;A;22098,63;0;;;;CF1;;200718;811;EURO;1;;2018;811;;31;;0;0;00010;01005;15400;;;0;0;;;;;0;;0;;;;;TES;;0;;0;;;0;0;0;0;1000024;;0;0;;0;;;;0;0;;0;;
;0;SYSGEST;G;60;4;0;200718;6500400002;A;2;0;;;;CF1;;200718;811;EURO;1;;2018;811;;31;;0;0;00010;01005;15400;;;0;0;;;;;0;;0;;;;;TES;;0;;0;;;0;0;0;0;1000024;;0;0;;0;;;;0;0;;0;;
;0;SYSGEST;C;61;1;0;200718;011001100714;D;5998,16;0;;;;CF1;;200718;812;EURO;1;;2018;812;;31;C1;0;0;00010;01005;11500;;;0;0;;;;;0;;0;;;;;TES;;0;;0;;;0;0;0;0;1000024;;0;0;;0;;;;0;0;;0;;
;0;SYSGEST;I;61;2;0;200718;;A;5996,16;0;52;;;CF1;;200718;812;EURO;1;;2018;812;;31;;0;0;00010;01005;11500;;;0;0;;;;;0;;0;;;;;TES;;0;;0;;;0;0;0;0;1000024;;0;0;;0;;;;0;0;;0;;
;0;SYSGEST;G;61;3;0;200718;6500100005;A;5996,16;0;;;;CF1;;200718;812;EURO;1;;2018;812;;31;;0;0;00010;01005;11500;;;0;0;;;;;0;;0;;;;;TES;;0;;0;;;0;0;0;0;1000024;;0;0;;0;;;;0;0;;0;;
;0;SYSGEST;G;61;4;0;200718;6500400002;A;2;0;;;;CF1;;200718;812;EURO;1;;2018;812;;31;;0;0;00010;01005;11500;;;0;0;;;;;0;;0;;;;;TES;;0;;0;;;0;0;0;0;1000024;;0;0;;0;;;;0;0;;0;;
;0;SYSGEST;C;62;1;0;200718;011001100713;D;3424,4;0;;;;CF1;;200718;813;EURO;1;;2018;813;;69;RB;0;0;00010;03069;10910;;;0;0;;;;;0;;0;;;;;TES;;0;;0;;;0;0;0;0;1000024;;0;0;;0;;;;0;0;;0;;
;0;SYSGEST;I;62;2;0;200718;;A;3422,4;0;52;;;CF1;;200718;813;EURO;1;;2018;813;;69;;0;0;00010;03069;10910;;;0;0;;;;;0;;0;;;;;TES;;0;;0;;;0;0;0;0;1000024;;0;0;;0;;;;0;0;;0;;
;0;SYSGEST;G;62;3;0;200718;6500100005;A;3422,4;0;;;;CF1;;200718;813;EURO;1;;2018;813;;69;;0;0;00010;03069;10910;;;0;0;;;;;0;;0;;;;;TES;;0;;0;;;0;0;0;0;1000024;;0;0;;0;;;;0;0;;0;;
;0;SYSGEST;G;62;4;0;200718;6500400002;A;2;0;;;;CF1;;200718;813;EURO;1;;2018;813;;69;;0;0;00010;03069;10910;;;0;0;;;;;0;;0;;;;;TES;;0;;0;;;0;0;0;0;1000024;;0;0;;0;;;;0;0;;0;;
;0;SYSGEST;C;63;1;0;200718;011001300025;D;4341,64;0;;;;CF1;;200718;814;EURO;1;;2018;814;;58;C1;0;0;00003;;;;;0;0;;;;;0;;0;;;;;TES;;0;;0;;;0;0;0;0;1000024;;0;0;;0;;;;0;0;;0;;
;0;SYSGEST;I;63;2;0;200718;;A;4341,64;0;51;;;CF1;;200718;814;EURO;1;;2018;814;;58;;0;0;00003;;;;;0;0;;;;;0;;0;;;;;TES;;0;;0;;;0;0;0;0;1000024;;0;0;;0;;;;0;0;;0;;
;0;SYSGEST;G;63;3;0;200718;6500200005;A;4341,64;0;;;;CF1;;200718;814;EURO;1;;2018;814;;58;;0;0;00003;;;;;0;0;;;;;0;;0;;;;;TES;;0;;0;;;0;0;0;0;1000024;;0;0;;0;;;;0;0;;0;;
;0;SYSGEST;C;64;1;0;200718;011001200138;D;98,8;0;;;;CF1;;200718;815;USD;1,1716;;2018;815;;28;C1;0;0;00003;;;;;0;0;;;;;0;;0;;;;;TES;;0;;0;;;0;0;0;0;1000024;;0;0;;0;;;;0;0;;0;;
;0;SYSGEST;I;64;2;0;200718;;A;98,8;0;79;;;CF1;;200718;815;USD;1,1716;;2018;815;;28;;0;0;00003;;;;;0;0;;;;;0;;0;;;;;TES;;0;;0;;;0;0;0;0;1000024;;0;0;;0;;;;0;0;;0;;
;0;SYSGEST;G;64;3;0;200718;6500600008;A;98,8;0;;;;CF1;;200718;815;USD;1,1716;;2018;815;;28;;0;0;00003;;;;;0;0;;;;;0;;0;;;;;TES;;0;;0;;;0;0;0;0;1000024;;0;0;;0;;;;0;0;;0;;
;0;SYSGEST;C;65;1;0;200718;011001100145;D;577,6;0;;;;CF1;;200718;816;EURO;1;;2018;816;;69;RB;0;0;00003;01010;39720;;;0;0;;;;;0;;4;;;;;TES;;0;;0;;;0;0;0;0;1000024;;0;0;;0;;;;0;0;;0;;
;0;SYSGEST;I;65;2;0;200718;;A;575,6;0;52;;;CF1;;200718;816;EURO;1;;2018;816;;69;;0;0;00003;01010;39720;;;0;0;;;;;0;;4;;;;;TES;;0;;0;;;0;0;0;0;1000024;;0;0;;0;;;;0;0;;0;;
;0;SYSGEST;G;65;3;0;200718;6500100002;A;295;0;;;;CF1;;200718;816;EURO;1;;2018;816;;69;;0;0;00003;01010;39720;;;0;0;;;;;0;;4;;;;;TES;;0;;0;;;0;0;0;0;1000024;;0;0;;0;;;;0;0;;0;;
;0;SYSGEST;G;65;4;0;200718;6500100003;A;280,6;0;;;;CF1;;200718;816;EURO;1;;2018;816;;69;;0;0;00003;01010;39720;;;0;0;;;;;0;;4;;;;;TES;;0;;0;;;0;0;0;0;1000024;;0;0;;0;;;;0;0;;0;;
;0;SYSGEST;G;65;5;0;200718;6500400002;A;2;0;;;;CF1;;200718;816;EURO;1;;2018;816;;69;;0;0;00003;01010;39720;;;0;0;;;;;0;;4;;;;;TES;;0;;0;;;0;0;0;0;1000024;;0;0;;0;;;;0;0;;0;;
;0;SYSGEST;C;66;1;0;200718;011001300183;D;8591,73;0;;;;CF1;;200718;817;USD;1,1716;;2018;817;;05;C1;0;0;00003;;;;;0;0;;;;;0;;0;;;;;TES;;0;;0;;;0;0;0;0;1000024;;0;0;;0;;;;0;0;;0;;
;0;SYSGEST;I;66;2;0;200718;;A;8591,73;0;79;;;CF1;;200718;817;USD;1,1716;;2018;817;;05;;0;0;00003;;;;;0;0;;;;;0;;0;;;;;TES;;0;;0;;;0;0;0;0;1000024;;0;0;;0;;;;0;0;;0;;
;0;SYSGEST;G;66;3;0;200718;6500200008;A;8591,73;0;;;;CF1;;200718;817;USD;1,1716;;2018;817;;05;;0;0;00003;;;;;0;0;;;;;0;;0;;;;;TES;;0;;0;;;0;0;0;0;1000024;;0;0;;0;;;;0;0;;0;;
;0;SYSGEST;C;67;1;0;230718;011001100709;D;23,8;0;;;;CF1;;230718;818;EURO;1;;2018;818;;32;C1;0;0;00009;03440;01605;;;0;0;;;;;0;;0;;;;;TES;;0;;0;;;0;0;0;0;1000024;;0;0;;0;;;;0;0;;0;;
;0;SYSGEST;I;67;2;0;230718;;A;23,8;0;52;;;CF1;;230718;818;EURO;1;;2018;818;;32;;0;0;00009;03440;01605;;;0;0;;;;;0;;0;;;;;TES;;0;;0;;;0;0;0;0;1000024;;0;0;;0;;;;0;0;;0;;
;0;SYSGEST;G;67;3;0;230718;6500100005;A;23,8;0;;;;CF1;;230718;818;EURO;1;;2018;818;;32;;0;0;00009;03440;01605;;;0;0;;;;;0;;0;;;;;TES;;0;;0;;;0;0;0;0;1000024;;0;0;;0;;;;0;0;;0;;
;0;SYSGEST;C;68;1;0;230718;011001100017;D;1288;0;;;;CF1;;230718;819;EURO;1;;2018;819;;69;RB;0;0;00008;05048;01611;;;0;0;;;;;0;;0;;;;;TES;;0;;0;;;0;0;0;0;1000024;;0;0;;0;;;;0;0;;0;;
;0;SYSGEST;I;68;2;0;230718;;A;1286;0;52;;;CF1;;230718;819;EURO;1;;2018;819;;69;;0;0;00008;05048;01611;;;0;0;;;;;0;;0;;;;;TES;;0;;0;;;0;0;0;0;1000024;;0;0;;0;;;;0;0;;0;;
;0;SYSGEST;G;68;3;0;230718;6500100005;A;1286;0;;;;CF1;;230718;819;EURO;1;;2018;819;;69;;0;0;00008;05048;01611;;;0;0;;;;;0;;0;;;;;TES;;0;;0;;;0;0;0;0;1000024;;0;0;;0;;;;0;0;;0;;
;0;SYSGEST;G;68;4;0;230718;6500400002;A;2;0;;;;CF1;;230718;819;EURO;1;;2018;819;;69;;0;0;00008;05048;01611;;;0;0;;;;;0;;0;;;;;TES;;0;;0;;;0;0;0;0;1000024;;0;0;;0;;;;0;0;;0;;
;0;SYSGEST;C;69;1;0;230718;011001100552;D;5440,56;0;;;;CF1;;230718;820;EURO;1;;2018;820;;31;C1;0;0;00010;01005;15400;;;0;0;;;;;0;;0;;;;;TES;;0;;0;;;0;0;0;0;1000024;;0;0;;0;;;;0;0;;0;;
;0;SYSGEST;I;69;2;0;230718;;A;5438,56;0;52;;;CF1;;230718;820;EURO;1;;2018;820;;31;;0;0;00010;01005;15400;;;0;0;;;;;0;;0;;;;;TES;;0;;0;;;0;0;0;0;1000024;;0;0;;0;;;;0;0;;0;;
;0;SYSGEST;G;69;3;0;230718;6500100005;A;5438,56;0;;;;CF1;;230718;820;EURO;1;;2018;820;;31;;0;0;00010;01005;15400;;;0;0;;;;;0;;0;;;;;TES;;0;;0;;;0;0;0;0;1000024;;0;0;;0;;;;0;0;;0;;
;0;SYSGEST;G;69;4;0;230718;6500400002;A;2;0;;;;CF1;;230718;820;EURO;1;;2018;820;;31;;0;0;00010;01005;15400;;;0;0;;;;;0;;0;;;;;TES;;0;;0;;;0;0;0;0;1000024;;0;0;;0;;;;0;0;;0;;
;0;SYSGEST;C;70;1;0;240718;011001100683;D;1892,46;0;;;;CF1;;240718;821;EURO;1;;2018;821;;36;C1;0;0;00003;05696;50240;;;0;0;;;;;0;;0;;;;;TES;;0;;0;;;0;0;0;0;1000024;;0;0;;0;;;;0;0;;0;;
;0;SYSGEST;I;70;2;0;240718;02150100002;A;1551,2;341,26;22;;;CF1;;240718;821;EURO;1;;2018;821;;36;;0;0;00003;05696;50240;;;0;0;;;;;0;;0;;;;;TES;;0;;0;;;0;0;0;0;1000024;;0;0;;0;;;;0;0;;0;;
;0;SYSGEST;G;70;3;0;240718;6500100005;A;1551,2;0;;;;CF1;;240718;821;EURO;1;;2018;821;;36;;0;0;00003;05696;50240;;;0;0;;;;;0;;0;;;;;TES;;0;;0;;;0;0;0;0;1000024;;0;0;;0;;;;0;0;;0;;
;0;SYSGEST;C;71;1;0;240718;011001100623;D;44587,95;0;;;;CF1;;240718;822;EURO;1;;2018;822;;36;C1;0;0;00003;;;;;0;0;;;;;0;;0;;;;;TES;;0;;0;;;0;0;0;0;1000024;;0;0;;0;;;;0;0;;0;;
;0;SYSGEST;I;71;2;0;240718;02150100002;A;36547,5;8040,45;22;;;CF1;;240718;822;EURO;1;;2018;822;;36;;0;0;00003;;;;;0;0;;;;;0;;0;;;;;TES;;0;;0;;;0;0;0;0;1000024;;0;0;;0;;;;0;0;;0;;
;0;SYSGEST;G;71;3;0;240718;6500100002;A;35707,5;0;;;;CF1;;240718;822;EURO;1;;2018;822;;36;;0;0;00003;;;;;0;0;;;;;0;;0;;;;;TES;;0;;0;;;0;0;0;0;1000024;;0;0;;0;;;;0;0;;0;;
;0;SYSGEST;G;71;4;0;240718;6500100005;A;840;0;;;;CF1;;240718;822;EURO;1;;2018;822;;36;;0;0;00003;;;;;0;0;;;;;0;;0;;;;;TES;;0;;0;;;0;0;0;0;1000024;;0;0;;0;;;;0;0;;0;;
;0;SYSGEST;C;72;1;0;240718;011001100552;D;1234,8;0;;;;CF1;;240718;823;EURO;1;;2018;823;;31;C1;0;0;00010;01005;15400;;;0;0;;;;;0;;0;;;;;TES;;0;;0;;;0;0;0;0;1000024;;0;0;;0;;;;0;0;;0;;
;0;SYSGEST;I;72;2;0;240718;;A;1232,8;0;52;;;CF1;;240718;823;EURO;1;;2018;823;;31;;0;0;00010;01005;15400;;;0;0;;;;;0;;0;;;;;TES;;0;;0;;;0;0;0;0;1000024;;0;0;;0;;;;0;0;;0;;
;0;SYSGEST;G;72;3;0;240718;6500100005;A;1232,8;0;;;;CF1;;240718;823;EURO;1;;2018;823;;31;;0;0;00010;01005;15400;;;0;0;;;;;0;;0;;;;;TES;;0;;0;;;0;0;0;0;1000024;;0;0;;0;;;;0;0;;0;;
;0;SYSGEST;G;72;4;0;240718;6500400002;A;2;0;;;;CF1;;240718;823;EURO;1;;2018;823;;31;;0;0;00010;01005;15400;;;0;0;;;;;0;;0;;;;;TES;;0;;0;;;0;0;0;0;1000024;;0;0;;0;;;;0;0;;0;;
;0;SYSGEST;C;73;1;0;240718;011001100709;D;1969,35;0;;;;CF1;;240718;824;EURO;1;;2018;824;;32;C1;0;0;00009;03440;01605;;;0;0;;;;;0;;0;;;;;TES;;0;;0;;;0;0;0;0;1000024;;0;0;;0;;;;0;0;;0;;
;0;SYSGEST;I;73;2;0;240718;;A;1967,35;0;52;;;CF1;;240718;824;EURO;1;;2018;824;;32;;0;0;00009;03440;01605;;;0;0;;;;;0;;0;;;;;TES;;0;;0;;;0;0;0;0;1000024;;0;0;;0;;;;0;0;;0;;
;0;SYSGEST;G;73;3;0;240718;6500100005;A;1967,35;0;;;;CF1;;240718;824;EURO;1;;2018;824;;32;;0;0;00009;03440;01605;;;0;0;;;;;0;;0;;;;;TES;;0;;0;;;0;0;0;0;1000024;;0;0;;0;;;;0;0;;0;;
;0;SYSGEST;G;73;4;0;240718;6500400002;A;2;0;;;;CF1;;240718;824;EURO;1;;2018;824;;32;;0;0;00009;03440;01605;;;0;0;;;;;0;;0;;;;;TES;;0;;0;;;0;0;0;0;1000024;;0;0;;0;;;;0;0;;0;;
;0;SYSGEST;C;74;1;0;240718;011001100714;D;9897,68;0;;;;CF1;;240718;825;EURO;1;;2018;825;;31;C1;0;0;00010;01005;11500;;;0;0;;;;;0;;0;;;;;TES;;0;;0;;;0;0;0;0;1000024;;0;0;;0;;;;0;0;;0;;
;0;SYSGEST;I;74;2;0;240718;;A;9895,68;0;52;;;CF1;;240718;825;EURO;1;;2018;825;;31;;0;0;00010;01005;11500;;;0;0;;;;;0;;0;;;;;TES;;0;;0;;;0;0;0;0;1000024;;0;0;;0;;;;0;0;;0;;
;0;SYSGEST;G;74;3;0;240718;6500100005;A;9895,68;0;;;;CF1;;240718;825;EURO;1;;2018;825;;31;;0;0;00010;01005;11500;;;0;0;;;;;0;;0;;;;;TES;;0;;0;;;0;0;0;0;1000024;;0;0;;0;;;;0;0;;0;;
;0;SYSGEST;G;74;4;0;240718;6500400002;A;2;0;;;;CF1;;240718;825;EURO;1;;2018;825;;31;;0;0;00010;01005;11500;;;0;0;;;;;0;;0;;;;;TES;;0;;0;;;0;0;0;0;1000024;;0;0;;0;;;;0;0;;0;;
;0;SYSGEST;C;75;1;0;250718;011001300038;D;13166;0;;;;CF1;;250718;826;EURO;1;;2018;826;;27;C1;0;0;00003;;;;;0;0;;;;;0;;0;;;;;TES;;0;;0;;;0;0;0;0;1000024;;0;0;;0;;;;0;0;;0;;
;0;SYSGEST;I;75;2;0;250718;;A;13166;0;51;;;CF1;;250718;826;EURO;1;;2018;826;;27;;0;0;00003;;;;;0;0;;;;;0;;0;;;;;TES;;0;;0;;;0;0;0;0;1000024;;0;0;;0;;;;0;0;;0;;
;0;SYSGEST;G;75;3;0;250718;6500200005;A;13166;0;;;;CF1;;250718;826;EURO;1;;2018;826;;27;;0;0;00003;;;;;0;0;;;;;0;;0;;;;;TES;;0;;0;;;0;0;0;0;1000024;;0;0;;0;;;;0;0;;0;;
;0;SYSGEST;C;76;1;0;250718;011001300001;D;10770,28;0;;;;CF1;;250718;827;EURO;1;;2018;827;;22;C3;0;0;00003;;;;;0;0;;;;;0;;0;;;;;TES;;0;;0;;;0;0;0;0;1000024;;0;0;;0;;;;0;0;;0;;
;0;SYSGEST;I;76;2;0;250718;;A;10770,28;0;51;;;CF1;;250718;827;EURO;1;;2018;827;;22;;0;0;00003;;;;;0;0;;;;;0;;0;;;;;TES;;0;;0;;;0;0;0;0;1000024;;0;0;;0;;;;0;0;;0;;
;0;SYSGEST;G;76;3;0;250718;6500200005;A;10770,28;0;;;;CF1;;250718;827;EURO;1;;2018;827;;22;;0;0;00003;;;;;0;0;;;;;0;;0;;;;;TES;;0;;0;;;0;0;0;0;1000024;;0;0;;0;;;;0;0;;0;;
;0;SYSGEST;C;77;1;0;250718;011001300185;D;6006,03;0;;;;CF1;;250718;828;USD;1,169;;2018;828;;39;C1;0;0;00006;;;;;0;0;;;;;0;;0;;;;;TES;;0;;0;;;0;0;0;0;1000024;;0;0;;0;;;;0;0;;0;;
;0;SYSGEST;I;77;2;0;250718;;A;6006,03;0;51;;;CF1;;250718;828;USD;1,169;;2018;828;;39;;0;0;00006;;;;;0;0;;;;;0;;0;;;;;TES;;0;;0;;;0;0;0;0;1000024;;0;0;;0;;;;0;0;;0;;
;0;SYSGEST;G;77;3;0;250718;6500200005;A;2993,83;0;;;;CF1;;250718;828;USD;1,169;;2018;828;;39;;0;0;00006;;;;;0;0;;;;;0;;0;;;;;TES;;0;;0;;;0;0;0;0;1000024;;0;0;;0;;;;0;0;;0;;
;0;SYSGEST;G;77;4;0;250718;6500200003;A;3012,2;0;;;;CF1;;250718;828;USD;1,169;;2018;828;;39;;0;0;00006;;;;;0;0;;;;;0;;0;;;;;TES;;0;;0;;;0;0;0;0;1000024;;0;0;;0;;;;0;0;;0;;
;0;SYSGEST;C;78;1;0;250718;011001100709;D;1687,1;0;;;;CF1;;250718;829;EURO;1;;2018;829;;32;C1;0;0;00009;03440;01605;;;0;0;;;;;0;;0;;;;;TES;;0;;0;;;0;0;0;0;1000024;;0;0;;0;;;;0;0;;0;;
;0;SYSGEST;I;78;2;0;250718;;A;1685,1;0;52;;;CF1;;250718;829;EURO;1;;2018;829;;32;;0;0;00009;03440;01605;;;0;0;;;;;0;;0;;;;;TES;;0;;0;;;0;0;0;0;1000024;;0;0;;0;;;;0;0;;0;;
;0;SYSGEST;G;78;3;0;250718;6500100005;A;1685,1;0;;;;CF1;;250718;829;EURO;1;;2018;829;;32;;0;0;00009;03440;01605;;;0;0;;;;;0;;0;;;;;TES;;0;;0;;;0;0;0;0;1000024;;0;0;;0;;;;0;0;;0;;
;0;SYSGEST;G;78;4;0;250718;6500400002;A;2;0;;;;CF1;;250718;829;EURO;1;;2018;829;;32;;0;0;00009;03440;01605;;;0;0;;;;;0;;0;;;;;TES;;0;;0;;;0;0;0;0;1000024;;0;0;;0;;;;0;0;;0;;
;0;SYSGEST;C;79;1;0;250718;011001100709;D;1597;0;;;;CF1;;250718;830;EURO;1;;2018;830;;32;C1;0;0;00009;03440;01605;;;0;0;;;;;0;;0;;;;;TES;;0;;0;;;0;0;0;0;1000024;;0;0;;0;;;;0;0;;0;;
;0;SYSGEST;I;79;2;0;250718;;A;1595;0;52;;;CF1;;250718;830;EURO;1;;2018;830;;32;;0;0;00009;03440;01605;;;0;0;;;;;0;;0;;;;;TES;;0;;0;;;0;0;0;0;1000024;;0;0;;0;;;;0;0;;0;;
;0;SYSGEST;G;79;3;0;250718;6500100005;A;1595;0;;;;CF1;;250718;830;EURO;1;;2018;830;;32;;0;0;00009;03440;01605;;;0;0;;;;;0;;0;;;;;TES;;0;;0;;;0;0;0;0;1000024;;0;0;;0;;;;0;0;;0;;
;0;SYSGEST;G;79;4;0;250718;6500400002;A;2;0;;;;CF1;;250718;830;EURO;1;;2018;830;;32;;0;0;00009;03440;01605;;;0;0;;;;;0;;0;;;;;TES;;0;;0;;;0;0;0;0;1000024;;0;0;;0;;;;0;0;;0;;
;0;SYSGEST;C;80;1;0;250718;011001100709;D;745,6;0;;;;CF1;;250718;831;EURO;1;;2018;831;;32;C1;0;0;00009;03440;01605;;;0;0;;;;;0;;0;;;;;TES;;0;;0;;;0;0;0;0;1000024;;0;0;;0;;;;0;0;;0;;
;0;SYSGEST;I;80;2;0;250718;;A;743,6;0;52;;;CF1;;250718;831;EURO;1;;2018;831;;32;;0;0;00009;03440;01605;;;0;0;;;;;0;;0;;;;;TES;;0;;0;;;0;0;0;0;1000024;;0;0;;0;;;;0;0;;0;;
;0;SYSGEST;G;80;3;0;250718;6500100005;A;743,6;0;;;;CF1;;250718;831;EURO;1;;2018;831;;32;;0;0;00009;03440;01605;;;0;0;;;;;0;;0;;;;;TES;;0;;0;;;0;0;0;0;1000024;;0;0;;0;;;;0;0;;0;;
;0;SYSGEST;G;80;4;0;250718;6500400002;A;2;0;;;;CF1;;250718;831;EURO;1;;2018;831;;32;;0;0;00009;03440;01605;;;0;0;;;;;0;;0;;;;;TES;;0;;0;;;0;0;0;0;1000024;;0;0;;0;;;;0;0;;0;;
;0;SYSGEST;C;81;1;0;260718;011001200154;D;19490;0;;;;CF1;;260718;832;EURO;1;;2018;832;;14;C1;0;0;00003;;;;;0;0;;;;;0;;0;;;;;TES;;0;;0;;;0;0;0;0;1000024;;0;0;;0;;;;0;0;;0;;
;0;SYSGEST;I;81;2;0;260718;;A;19490;0;57;;;CF1;;260718;832;EURO;1;;2018;832;;14;;0;0;00003;;;;;0;0;;;;;0;;0;;;;;TES;;0;;0;;;0;0;0;0;1000024;;0;0;;0;;;;0;0;;0;;
;0;SYSGEST;G;81;3;0;260718;6500600001;A;19490;0;;;;CF1;;260718;832;EURO;1;;2018;832;;14;;0;0;00003;;;;;0;0;;;;;0;;0;;;;;TES;;0;;0;;;0;0;0;0;1000024;;0;0;;0;;;;0;0;;0;;
;0;SYSGEST;C;82;1;0;260718;011001100709;D;7255,4;0;;;;CF1;;260718;833;EURO;1;;2018;833;;32;C1;0;0;00009;03440;01605;;;0;0;;;;;0;;0;;;;;TES;;0;;0;;;0;0;0;0;1000024;;0;0;;0;;;;0;0;;0;;
;0;SYSGEST;I;82;2;0;260718;;A;7253,4;0;52;;;CF1;;260718;833;EURO;1;;2018;833;;32;;0;0;00009;03440;01605;;;0;0;;;;;0;;0;;;;;TES;;0;;0;;;0;0;0;0;1000024;;0;0;;0;;;;0;0;;0;;
;0;SYSGEST;G;82;3;0;260718;6500100005;A;7253,4;0;;;;CF1;;260718;833;EURO;1;;2018;833;;32;;0;0;00009;03440;01605;;;0;0;;;;;0;;0;;;;;TES;;0;;0;;;0;0;0;0;1000024;;0;0;;0;;;;0;0;;0;;
;0;SYSGEST;G;82;4;0;260718;6500400002;A;2;0;;;;CF1;;260718;833;EURO;1;;2018;833;;32;;0;0;00009;03440;01605;;;0;0;;;;;0;;0;;;;;TES;;0;;0;;;0;0;0;0;1000024;;0;0;;0;;;;0;0;;0;;
;0;SYSGEST;C;83;1;0;260718;011001200144;D;540;0;;;;CF1;;260718;834;EURO;1;;2018;834;;39;C1;0;0;00003;;;;;0;0;;;;;0;;0;;;;;TES;;0;;0;;;0;0;0;0;1000024;;0;0;;0;;;;0;0;;0;;
;0;SYSGEST;I;83;2;0;260718;;A;540;0;57;;;CF1;;260718;834;EURO;1;;2018;834;;39;;0;0;00003;;;;;0;0;;;;;0;;0;;;;;TES;;0;;0;;;0;0;0;0;1000024;;0;0;;0;;;;0;0;;0;;
;0;SYSGEST;G;83;3;0;260718;6500600001;A;540;0;;;;CF1;;260718;834;EURO;1;;2018;834;;39;;0;0;00003;;;;;0;0;;;;;0;;0;;;;;TES;;0;;0;;;0;0;0;0;1000024;;0;0;;0;;;;0;0;;0;;
;0;SYSGEST;C;84;1;0;270718;011001100683;D;2305,07;0;;;;CF1;;270718;835;EURO;1;;2018;835;;36;C1;0;0;00003;05696;50240;;;0;0;;;;;0;;0;;;;;TES;;0;;0;;;0;0;0;0;1000024;;0;0;;0;;;;0;0;;0;;
;0;SYSGEST;I;84;2;0;270718;02150100002;A;1889,4;415,67;22;;;CF1;;270718;835;EURO;1;;2018;835;;36;;0;0;00003;05696;50240;;;0;0;;;;;0;;0;;;;;TES;;0;;0;;;0;0;0;0;1000024;;0;0;;0;;;;0;0;;0;;
;0;SYSGEST;G;84;3;0;270718;6500100005;A;1889,4;0;;;;CF1;;270718;835;EURO;1;;2018;835;;36;;0;0;00003;05696;50240;;;0;0;;;;;0;;0;;;;;TES;;0;;0;;;0;0;0;0;1000024;;0;0;;0;;;;0;0;;0;;
;0;SYSGEST;C;85;1;0;270718;011001100145;D;4823,34;0;;;;CF1;;270718;836;EURO;1;;2018;836;;69;RB;0;0;00003;01010;39720;;;0;0;;;;;0;;4;;;;;TES;;0;;0;;;0;0;0;0;1000024;;0;0;;0;;;;0;0;;0;;
;0;SYSGEST;I;85;2;0;270718;;A;4821,34;0;52;;;CF1;;270718;836;EURO;1;;2018;836;;69;;0;0;00003;01010;39720;;;0;0;;;;;0;;4;;;;;TES;;0;;0;;;0;0;0;0;1000024;;0;0;;0;;;;0;0;;0;;
;0;SYSGEST;G;85;3;0;270718;6500100005;A;4821,34;0;;;;CF1;;270718;836;EURO;1;;2018;836;;69;;0;0;00003;01010;39720;;;0;0;;;;;0;;4;;;;;TES;;0;;0;;;0;0;0;0;1000024;;0;0;;0;;;;0;0;;0;;
;0;SYSGEST;G;85;4;0;270718;6500400002;A;2;0;;;;CF1;;270718;836;EURO;1;;2018;836;;69;;0;0;00003;01010;39720;;;0;0;;;;;0;;4;;;;;TES;;0;;0;;;0;0;0;0;1000024;;0;0;;0;;;;0;0;;0;;
;0;SYSGEST;C;86;1;0;270718;011001300025;D;1416,36;0;;;;CF1;;270718;837;EURO;1;;2018;837;;58;C1;0;0;00003;;;;;0;0;;;;;0;;0;;;;;TES;;0;;0;;;0;0;0;0;1000024;;0;0;;0;;;;0;0;;0;;
;0;SYSGEST;I;86;2;0;270718;;A;1416,36;0;51;;;CF1;;270718;837;EURO;1;;2018;837;;58;;0;0;00003;;;;;0;0;;;;;0;;0;;;;;TES;;0;;0;;;0;0;0;0;1000024;;0;0;;0;;;;0;0;;0;;
;0;SYSGEST;G;86;3;0;270718;6500200005;A;1416,36;0;;;;CF1;;270718;837;EURO;1;;2018;837;;58;;0;0;00003;;;;;0;0;;;;;0;;0;;;;;TES;;0;;0;;;0;0;0;0;1000024;;0;0;;0;;;;0;0;;0;;
;0;SYSGEST;C;87;1;0;270718;011001300216;D;2735,12;0;;;;CF1;;270718;838;USD;1,1625;;2018;838;;27;C1;0;0;00006;;;;;0;0;;;;;0;;0;;;;;TES;;0;;0;;;0;0;0;0;1000024;;0;0;;0;;;;0;0;;0;;
;0;SYSGEST;I;87;2;0;270718;;A;2735,12;0;57;;;CF1;;270718;838;USD;1,1625;;2018;838;;27;;0;0;00006;;;;;0;0;;;;;0;;0;;;;;TES;;0;;0;;;0;0;0;0;1000024;;0;0;;0;;;;0;0;;0;;
;0;SYSGEST;G;87;3;0;270718;6500200005;A;2735,12;0;;;;CF1;;270718;838;USD;1,1625;;2018;838;;27;;0;0;00006;;;;;0;0;;;;;0;;0;;;;;TES;;0;;0;;;0;0;0;0;1000024;;0;0;;0;;;;0;0;;0;;
;0;SYSGEST;C;88;1;0;270718;011001300038;D;1252,8;0;;;;CF1;;270718;839;EURO;1;;2018;839;;27;C1;0;0;00003;;;;;0;0;;;;;0;;0;;;;;TES;;0;;0;;;0;0;0;0;1000024;;0;0;;0;;;;0;0;;0;;
;0;SYSGEST;I;88;2;0;270718;;A;1252,8;0;51;;;CF1;;270718;839;EURO;1;;2018;839;;27;;0;0;00003;;;;;0;0;;;;;0;;0;;;;;TES;;0;;0;;;0;0;0;0;1000024;;0;0;;0;;;;0;0;;0;;
;0;SYSGEST;G;88;3;0;270718;6500200005;A;1252,8;0;;;;CF1;;270718;839;EURO;1;;2018;839;;27;;0;0;00003;;;;;0;0;;;;;0;;0;;;;;TES;;0;;0;;;0;0;0;0;1000024;;0;0;;0;;;;0;0;;0;;
;0;SYSGEST;C;89;1;0;270718;011001100552;D;242,8;0;;;;CF1;;270718;840;EURO;1;;2018;840;;31;C1;0;0;00010;01005;15400;;;0;0;;;;;0;;0;;;;;TES;;0;;0;;;0;0;0;0;1000024;;0;0;;0;;;;0;0;;0;;
;0;SYSGEST;I;89;2;0;270718;;A;240,8;0;52;;;CF1;;270718;840;EURO;1;;2018;840;;31;;0;0;00010;01005;15400;;;0;0;;;;;0;;0;;;;;TES;;0;;0;;;0;0;0;0;1000024;;0;0;;0;;;;0;0;;0;;
;0;SYSGEST;G;89;3;0;270718;6500100005;A;240,8;0;;;;CF1;;270718;840;EURO;1;;2018;840;;31;;0;0;00010;01005;15400;;;0;0;;;;;0;;0;;;;;TES;;0;;0;;;0;0;0;0;1000024;;0;0;;0;;;;0;0;;0;;
;0;SYSGEST;G;89;4;0;270718;6500400002;A;2;0;;;;CF1;;270718;840;EURO;1;;2018;840;;31;;0;0;00010;01005;15400;;;0;0;;;;;0;;0;;;;;TES;;0;;0;;;0;0;0;0;1000024;;0;0;;0;;;;0;0;;0;;
;0;SYSGEST;C;90;1;0;270718;011001100145;D;314;0;;;;CF1;;270718;841;EURO;1;;2018;841;;69;RB;0;0;00003;01010;39720;;;0;0;;;;;0;;4;;;;;TES;;0;;0;;;0;0;0;0;1000024;;0;0;;0;;;;0;0;;0;;
;0;SYSGEST;I;90;2;0;270718;;A;312;0;52;;;CF1;;270718;841;EURO;1;;2018;841;;69;;0;0;00003;01010;39720;;;0;0;;;;;0;;4;;;;;TES;;0;;0;;;0;0;0;0;1000024;;0;0;;0;;;;0;0;;0;;
;0;SYSGEST;G;90;3;0;270718;6500100005;A;312;0;;;;CF1;;270718;841;EURO;1;;2018;841;;69;;0;0;00003;01010;39720;;;0;0;;;;;0;;4;;;;;TES;;0;;0;;;0;0;0;0;1000024;;0;0;;0;;;;0;0;;0;;
;0;SYSGEST;G;90;4;0;270718;6500400002;A;2;0;;;;CF1;;270718;841;EURO;1;;2018;841;;69;;0;0;00003;01010;39720;;;0;0;;;;;0;;4;;;;;TES;;0;;0;;;0;0;0;0;1000024;;0;0;;0;;;;0;0;;0;;
;0;SYSGEST;C;91;1;0;270718;011001300185;D;208,5;0;;;;CF1;;270718;842;USD;1,1625;;2018;842;;39;C1;0;0;00006;;;;;0;0;;;;;0;;0;;;;;TES;;0;;0;;;0;0;0;0;1000024;;0;0;;0;;;;0;0;;0;;
;0;SYSGEST;I;91;2;0;270718;;A;208,5;0;79;;;CF1;;270718;842;USD;1,1625;;2018;842;;39;;0;0;00006;;;;;0;0;;;;;0;;0;;;;;TES;;0;;0;;;0;0;0;0;1000024;;0;0;;0;;;;0;0;;0;;
;0;SYSGEST;G;91;3;0;270718;6500200008;A;208,5;0;;;;CF1;;270718;842;USD;1,1625;;2018;842;;39;;0;0;00006;;;;;0;0;;;;;0;;0;;;;;TES;;0;;0;;;0;0;0;0;1000024;;0;0;;0;;;;0;0;;0;;
;0;SYSGEST;C;92;1;0;300718;011001100714;D;467,6;0;;;;CF1;;300718;843;EURO;1;;2018;843;;31;C1;0;0;00010;01005;11500;;;0;0;;;;;0;;0;;;;;TES;;0;;0;;;0;0;0;0;1000024;;0;0;;0;;;;0;0;;0;;
;0;SYSGEST;I;92;2;0;300718;;A;465,6;0;52;;;CF1;;300718;843;EURO;1;;2018;843;;31;;0;0;00010;01005;11500;;;0;0;;;;;0;;0;;;;;TES;;0;;0;;;0;0;0;0;1000024;;0;0;;0;;;;0;0;;0;;
;0;SYSGEST;G;92;3;0;300718;6500100001;A;465,6;0;;;;CF1;;300718;843;EURO;1;;2018;843;;31;;0;0;00010;01005;11500;;;0;0;;;;;0;;0;;;;;TES;;0;;0;;;0;0;0;0;1000024;;0;0;;0;;;;0;0;;0;;
;0;SYSGEST;G;92;4;0;300718;6500400002;A;2;0;;;;CF1;;300718;843;EURO;1;;2018;843;;31;;0;0;00010;01005;11500;;;0;0;;;;;0;;0;;;;;TES;;0;;0;;;0;0;0;0;1000024;;0;0;;0;;;;0;0;;0;;
;0;SYSGEST;C;93;1;0;300718;011001100014;D;3949,14;0;;;;CF1;;300718;844;EURO;1;;2018;844;;69;RB;0;0;00003;03069;09445;;;0;0;;;;;0;;0;;;;;TES;;0;;0;;;0;0;0;0;1000024;;0;0;;0;;;;0;0;;0;;
;0;SYSGEST;I;93;2;0;300718;02150100002;A;3237;712,14;22;;;CF1;;300718;844;EURO;1;;2018;844;;69;;0;0;00003;03069;09445;;;0;0;;;;;0;;0;;;;;TES;;0;;0;;;0;0;0;0;1000024;;0;0;;0;;;;0;0;;0;;
;0;SYSGEST;G;93;3;0;300718;6500100005;A;3237;0;;;;CF1;;300718;844;EURO;1;;2018;844;;69;;0;0;00003;03069;09445;;;0;0;;;;;0;;0;;;;;TES;;0;;0;;;0;0;0;0;1000024;;0;0;;0;;;;0;0;;0;;
;0;SYSGEST;C;94;1;0;300718;011001100714;D;6316,88;0;;;;CF1;;300718;845;EURO;1;;2018;845;;31;C1;0;0;00010;01005;11500;;;0;0;;;;;0;;0;;;;;TES;;0;;0;;;0;0;0;0;1000024;;0;0;;0;;;;0;0;;0;;
;0;SYSGEST;I;94;2;0;300718;;A;6314,88;0;52;;;CF1;;300718;845;EURO;1;;2018;845;;31;;0;0;00010;01005;11500;;;0;0;;;;;0;;0;;;;;TES;;0;;0;;;0;0;0;0;1000024;;0;0;;0;;;;0;0;;0;;
;0;SYSGEST;G;94;3;0;300718;6500100005;A;6314,88;0;;;;CF1;;300718;845;EURO;1;;2018;845;;31;;0;0;00010;01005;11500;;;0;0;;;;;0;;0;;;;;TES;;0;;0;;;0;0;0;0;1000024;;0;0;;0;;;;0;0;;0;;
;0;SYSGEST;G;94;4;0;300718;6500400002;A;2;0;;;;CF1;;300718;845;EURO;1;;2018;845;;31;;0;0;00010;01005;11500;;;0;0;;;;;0;;0;;;;;TES;;0;;0;;;0;0;0;0;1000024;;0;0;;0;;;;0;0;;0;;
;0;SYSGEST;C;95;1;0;300718;011001100709;D;600,4;0;;;;CF1;;300718;846;EURO;1;;2018;846;;32;C1;0;0;00009;03440;01605;;;0;0;;;;;0;;0;;;;;TES;;0;;0;;;0;0;0;0;1000024;;0;0;;0;;;;0;0;;0;;
;0;SYSGEST;I;95;2;0;300718;;A;598,4;0;52;;;CF1;;300718;846;EURO;1;;2018;846;;32;;0;0;00009;03440;01605;;;0;0;;;;;0;;0;;;;;TES;;0;;0;;;0;0;0;0;1000024;;0;0;;0;;;;0;0;;0;;
;0;SYSGEST;G;95;3;0;300718;6500100005;A;598,4;0;;;;CF1;;300718;846;EURO;1;;2018;846;;32;;0;0;00009;03440;01605;;;0;0;;;;;0;;0;;;;;TES;;0;;0;;;0;0;0;0;1000024;;0;0;;0;;;;0;0;;0;;
;0;SYSGEST;G;95;4;0;300718;6500400002;A;2;0;;;;CF1;;300718;846;EURO;1;;2018;846;;32;;0;0;00009;03440;01605;;;0;0;;;;;0;;0;;;;;TES;;0;;0;;;0;0;0;0;1000024;;0;0;;0;;;;0;0;;0;;
;0;SYSGEST;C;96;1;0;300718;011001200171;D;344;0;;;;CF1;;300718;847;EURO;1;;2018;847;;33;C1;0;0;00003;;;;;0;0;;;;;0;;0;;;;;TES;;0;;0;;;0;0;0;0;1000024;;0;0;;0;;;;0;0;;0;;
;0;SYSGEST;I;96;2;0;300718;;A;344;0;57;;;CF1;;300718;847;EURO;1;;2018;847;;33;;0;0;00003;;;;;0;0;;;;;0;;0;;;;;TES;;0;;0;;;0;0;0;0;1000024;;0;0;;0;;;;0;0;;0;;
;0;SYSGEST;G;96;3;0;300718;6500600005;A;344;0;;;;CF1;;300718;847;EURO;1;;2018;847;;33;;0;0;00003;;;;;0;0;;;;;0;;0;;;;;TES;;0;;0;;;0;0;0;0;1000024;;0;0;;0;;;;0;0;;0;;
;0;SYSGEST;C;97;1;0;300718;011001100182;D;1664,08;0;;;;CF1;;300718;848;EURO;1;;2018;848;;69;RB;0;0;00003;03104;03406;;;0;0;;;;;0;;4;;;;;TES;;0;;0;;;0;0;0;0;1000024;;0;0;;0;;;;0;0;;0;;
;0;SYSGEST;I;97;2;0;300718;02150100002;A;1364;300,08;22;;;CF1;;300718;848;EURO;1;;2018;848;;69;;0;0;00003;03104;03406;;;0;0;;;;;0;;4;;;;;TES;;0;;0;;;0;0;0;0;1000024;;0;0;;0;;;;0;0;;0;;
;0;SYSGEST;G;97;3;0;300718;6500100005;A;1364;0;;;;CF1;;300718;848;EURO;1;;2018;848;;69;;0;0;00003;03104;03406;;;0;0;;;;;0;;4;;;;;TES;;0;;0;;;0;0;0;0;1000024;;0;0;;0;;;;0;0;;0;;
;0;SYSGEST;C;98;1;0;300718;011001100800;D;629,76;0;;;;CF1;;300718;849;EURO;1;;2018;849;;15;C1;0;0;00010;;;;;0;0;;;;;0;;0;;;;;TES;;0;;0;;;0;0;0;0;1000024;;0;0;;0;;;;0;0;;0;;
;0;SYSGEST;I;98;2;0;300718;02150100002;A;516,2;113,56;22;;;CF1;;300718;849;EURO;1;;2018;849;;15;;0;0;00010;;;;;0;0;;;;;0;;0;;;;;TES;;0;;0;;;0;0;0;0;1000024;;0;0;;0;;;;0;0;;0;;
;0;SYSGEST;G;98;3;0;300718;6500100005;A;501,2;0;;;;CF1;;300718;849;EURO;1;;2018;849;;15;;0;0;00010;;;;;0;0;;;;;0;;0;;;;;TES;;0;;0;;;0;0;0;0;1000024;;0;0;;0;;;;0;0;;0;;
;0;SYSGEST;G;98;4;0;300718;6500400001;A;15;0;;;;CF1;;300718;849;EURO;1;;2018;849;;15;;0;0;00010;;;;;0;0;;;;;0;;0;;;;;TES;;0;;0;;;0;0;0;0;1000024;;0;0;;0;;;;0;0;;0;;
;0;SYSGEST;C;99;1;0;310718;011001100221;D;62,95;0;;;;CF1;;310718;850;EURO;1;;2018;850;;76;RB;0;0;00003;01030;14107;;;0;0;;;;;0;;0;;;;;TES;;0;;0;;;0;0;0;0;1000024;;0;0;;0;;;;0;0;;0;;
;0;SYSGEST;I;99;2;0;310718;02150100002;A;51,6;11,35;22;;;CF1;;310718;850;EURO;1;;2018;850;;76;;0;0;00003;01030;14107;;;0;0;;;;;0;;0;;;;;TES;;0;;0;;;0;0;0;0;1000024;;0;0;;0;;;;0;0;;0;;
;0;SYSGEST;G;99;3;0;310718;6500100005;A;51,6;0;;;;CF1;;310718;850;EURO;1;;2018;850;;76;;0;0;00003;01030;14107;;;0;0;;;;;0;;0;;;;;TES;;0;;0;;;0;0;0;0;1000024;;0;0;;0;;;;0;0;;0;;
;0;SYSGEST;C;100;1;0;310718;011001100807;D;215,21;0;;;;CF1;;310718;851;EURO;1;;2018;851;;67;RB;0;0;00010;03032;40021;;;0;0;;;;;0;;0;;;;;TES;;0;;0;;;0;0;0;0;1000024;;0;0;;0;;;;0;0;;0;;
;0;SYSGEST;I;100;2;0;310718;02150100002;A;176,4;38,81;22;;;CF1;;310718;851;EURO;1;;2018;851;;67;;0;0;00010;03032;40021;;;0;0;;;;;0;;0;;;;;TES;;0;;0;;;0;0;0;0;1000024;;0;0;;0;;;;0;0;;0;;
;0;SYSGEST;G;100;3;0;310718;6500100005;A;176,4;0;;;;CF1;;310718;851;EURO;1;;2018;851;;67;;0;0;00010;03032;40021;;;0;0;;;;;0;;0;;;;;TES;;0;;0;;;0;0;0;0;1000024;;0;0;;0;;;;0;0;;0;;
;0;SYSGEST;C;101;1;0;310718;011001300185;D;177,6;0;;;;CF1;;310718;852;USD;1,1737;;2018;852;;39;C1;0;0;00006;;;;;0;0;;;;;0;;0;;;;;TES;;0;;0;;;0;0;0;0;1000024;;0;0;;0;;;;0;0;;0;;
;0;SYSGEST;I;101;2;0;310718;;A;177,6;0;79;;;CF1;;310718;852;USD;1,1737;;2018;852;;39;;0;0;00006;;;;;0;0;;;;;0;;0;;;;;TES;;0;;0;;;0;0;0;0;1000024;;0;0;;0;;;;0;0;;0;;
;0;SYSGEST;G;101;3;0;310718;6500200008;A;177,6;0;;;;CF1;;310718;852;USD;1,1737;;2018;852;;39;;0;0;00006;;;;;0;0;;;;;0;;0;;;;;TES;;0;;0;;;0;0;0;0;1000024;;0;0;;0;;;;0;0;;0;;
;0;SYSGEST;C;102;1;0;310718;011001300001;D;1509,28;0;;;;CF1;;310718;853;EURO;1;;2018;853;;22;C3;0;0;00003;;;;;0;0;;;;;0;;0;;;;;TES;;0;;0;;;0;0;0;0;1000024;;0;0;;0;;;;0;0;;0;;
;0;SYSGEST;I;102;2;0;310718;;A;1509,28;0;51;;;CF1;;310718;853;EURO;1;;2018;853;;22;;0;0;00003;;;;;0;0;;;;;0;;0;;;;;TES;;0;;0;;;0;0;0;0;1000024;;0;0;;0;;;;0;0;;0;;
;0;SYSGEST;G;102;3;0;310718;6500200005;A;1509,28;0;;;;CF1;;310718;853;EURO;1;;2018;853;;22;;0;0;00003;;;;;0;0;;;;;0;;0;;;;;TES;;0;;0;;;0;0;0;0;1000024;;0;0;;0;;;;0;0;;0;;
;0;SYSGEST;C;103;1;0;310718;011001100087;D;150,2;0;;;;CF1;;310718;854;EURO;1;;2018;854;;34;C1;0;0;00010;;;;;0;0;;;;;0;;0;;;;;TES;;0;;0;;;0;0;0;0;1000024;;0;0;;0;;;;0;0;;0;;
;0;SYSGEST;I;103;2;0;310718;;A;148,2;0;52;;;CF1;;310718;854;EURO;1;;2018;854;;34;;0;0;00010;;;;;0;0;;;;;0;;0;;;;;TES;;0;;0;;;0;0;0;0;1000024;;0;0;;0;;;;0;0;;0;;
;0;SYSGEST;G;103;3;0;310718;6500100005;A;148,2;0;;;;CF1;;310718;854;EURO;1;;2018;854;;34;;0;0;00010;;;;;0;0;;;;;0;;0;;;;;TES;;0;;0;;;0;0;0;0;1000024;;0;0;;0;;;;0;0;;0;;
;0;SYSGEST;G;103;4;0;310718;6500400002;A;2;0;;;;CF1;;310718;854;EURO;1;;2018;854;;34;;0;0;00010;;;;;0;0;;;;;0;;0;;;;;TES;;0;;0;;;0;0;0;0;1000024;;0;0;;0;;;;0;0;;0;;
;0;SYSGEST;C;104;1;0;310718;011001100087;D;18618,12;0;;;;CF1;;310718;855;EURO;1;;2018;855;;34;C1;0;0;00010;;;;;0;0;;;;;0;;0;;;;;TES;;0;;0;;;0;0;0;0;1000024;;0;0;;0;;;;0;0;;0;;
;0;SYSGEST;I;104;2;0;310718;;A;18616,12;0;52;;;CF1;;310718;855;EURO;1;;2018;855;;34;;0;0;00010;;;;;0;0;;;;;0;;0;;;;;TES;;0;;0;;;0;0;0;0;1000024;;0;0;;0;;;;0;0;;0;;
;0;SYSGEST;G;104;3;0;310718;6500100005;A;18616,12;0;;;;CF1;;310718;855;EURO;1;;2018;855;;34;;0;0;00010;;;;;0;0;;;;;0;;0;;;;;TES;;0;;0;;;0;0;0;0;1000024;;0;0;;0;;;;0;0;;0;;
;0;SYSGEST;G;104;4;0;310718;6500400002;A;2;0;;;;CF1;;310718;855;EURO;1;;2018;855;;34;;0;0;00010;;;;;0;0;;;;;0;;0;;;;;TES;;0;;0;;;0;0;0;0;1000024;;0;0;;0;;;;0;0;;0;;
;0;SYSGEST;C;105;1;0;310718;011001100087;D;1773;0;;;;CF1;;310718;856;EURO;1;;2018;856;;34;C1;0;0;00010;;;;;0;0;;;;;0;;0;;;;;TES;;0;;0;;;0;0;0;0;1000024;;0;0;;0;;;;0;0;;0;;
;0;SYSGEST;I;105;2;0;310718;;A;1771;0;52;;;CF1;;310718;856;EURO;1;;2018;856;;34;;0;0;00010;;;;;0;0;;;;;0;;0;;;;;TES;;0;;0;;;0;0;0;0;1000024;;0;0;;0;;;;0;0;;0;;
;0;SYSGEST;G;105;3;0;310718;6500100005;A;1771;0;;;;CF1;;310718;856;EURO;1;;2018;856;;34;;0;0;00010;;;;;0;0;;;;;0;;0;;;;;TES;;0;;0;;;0;0;0;0;1000024;;0;0;;0;;;;0;0;;0;;
;0;SYSGEST;G;105;4;0;310718;6500400002;A;2;0;;;;CF1;;310718;856;EURO;1;;2018;856;;34;;0;0;00010;;;;;0;0;;;;;0;;0;;;;;TES;;0;;0;;;0;0;0;0;1000024;;0;0;;0;;;;0;0;;0;;
;0;SYSGEST;C;106;1;0;310718;011001100709;A;53,9;0;;;;CN1;;310718;857;EURO;1;;2018;857;;32;C1;0;0;00009;03440;01605;;;0;0;;;;;0;;0;;;;;TES;;0;;0;;;0;0;0;0;1000024;;0;0;;0;;;;0;0;;0;;
;0;SYSGEST;I;106;2;0;310718;;D;53,9;0;72;;;CN1;;310718;857;EURO;1;;2018;857;;32;;0;0;00009;03440;01605;;;0;0;;;;;0;;0;;;;;TES;;0;;0;;;0;0;0;0;1000024;;0;0;;0;;;;0;0;;0;;
;0;SYSGEST;G;106;3;0;310718;6500300002;D;53,9;0;;;;CN1;;310718;857;EURO;1;;2018;857;;32;;0;0;00009;03440;01605;;;0;0;;;;;0;;0;;;;;TES;;0;;0;;;0;0;0;0;1000024;;0;0;;0;;;;0;0;;0;;
;0;SYSGEST;C;107;1;0;310718;011001300185;D;2746,17;0;;;;CF1;;310718;858;USD;0;;2018;858;;39;C1;0;0;00006;;;;;0;0;;;;;0;;0;;;;;TES;;0;;0;;;0;0;0;0;1000024;;0;0;;0;;;;0;0;;0;;
;0;SYSGEST;I;107;2;0;310718;;A;2746,17;0;51;;;CF1;;310718;858;USD;0;;2018;858;;39;;0;0;00006;;;;;0;0;;;;;0;;0;;;;;TES;;0;;0;;;0;0;0;0;1000024;;0;0;;0;;;;0;0;;0;;
;0;SYSGEST;G;107;3;0;310718;6500200005;A;2746,17;0;;;;CF1;;310718;858;USD;0;;2018;858;;39;;0;0;00006;;;;;0;0;;;;;0;;0;;;;;TES;;0;;0;;;0;0;0;0;1000024;;0;0;;0;;;;0;0;;0;;